Command line invocation:
    /Applications/Xcode-beta.app/Contents/Developer/usr/bin/xcodebuild test -project ios/GameTime/GameTime.xcodeproj -scheme GameTimeBetaLocal -configuration Debug -destination "platform=iOS Simulator,id=0A64011F-2D89-420E-95F9-DEFB4B25D23D" -derivedDataPath /private/tmp/gametime-p6-20260912/DerivedData -resultBundlePath /private/tmp/gametime-p6-20260912/native-final.xcresult -parallel-testing-enabled NO "-only-testing:GameTimeTests/ChallengeV1NativeTests" "-only-testing:GameTimeTests/ChallengePolicyTests" "-only-testing:GameTimeTests/ChallengeSectionTests" "-only-testing:GameTimeTests/CobaltRenderedTests/testCommunityDelayedCountsInDetailAndJoin" CODE_SIGNING_ALLOWED=NO

Build settings from command line:
    CODE_SIGNING_ALLOWED = NO

Resolve Package Graph


Resolved source packages:
  swift-http-types: https://github.com/apple/swift-http-types.git @ 1.6.0
  swift-clocks: https://github.com/pointfreeco/swift-clocks @ 1.1.0
  swift-crypto: https://github.com/apple/swift-crypto.git @ 4.5.1
  swift-asn1: https://github.com/apple/swift-asn1.git @ 1.7.1
  Supabase: https://github.com/supabase/supabase-swift.git @ 2.46.0
  GameTimeCore: /tmp/gametime-p6-20260912/GameTime/ios/GameTimeCore @ local
  xctest-dynamic-overlay: https://github.com/pointfreeco/xctest-dynamic-overlay @ 1.11.0
  swift-concurrency-extras: https://github.com/pointfreeco/swift-concurrency-extras @ 1.4.1
  Stripe: https://github.com/stripe/stripe-ios-spm.git @ 26.4.1

Writing result bundle at path:
	/private/tmp/gametime-p6-20260912/native-final.xcresult

ComputePackagePrebuildTargetDependencyGraph

Prepare packages

CreateBuildRequest

SendProjectDescription

CreateBuildOperation

ComputeTargetDependencyGraph
note: Building targets in dependency order
note: Target dependency graph (40 targets)
    Target 'GameTimeUITests' in project 'GameTime'
        ➜ Explicit dependency on target 'GameTime' in project 'GameTime'
    Target 'GameTimeTests' in project 'GameTime'
        ➜ Explicit dependency on target 'GameTime' in project 'GameTime'
    Target 'GameTime' in project 'GameTime'
        ➜ Explicit dependency on target 'GameTimeCore-product' in project 'GameTimeCore'
        ➜ Explicit dependency on target 'Supabase-product' in project 'Supabase'
        ➜ Explicit dependency on target 'StripePaymentSheet-product' in project 'Stripe'
    Target 'StripePaymentSheet-product' in project 'Stripe'
        ➜ Explicit dependency on target 'StripePaymentSheet' in project 'Stripe'
        ➜ Explicit dependency on target 'Stripe_StripePaymentSheet' in project 'Stripe'
        ➜ Explicit dependency on target 'StripeCore' in project 'Stripe'
        ➜ Explicit dependency on target 'Stripe3DS2' in project 'Stripe'
        ➜ Explicit dependency on target 'StripePayments' in project 'Stripe'
        ➜ Explicit dependency on target 'StripeUICore' in project 'Stripe'
        ➜ Explicit dependency on target 'StripePaymentsUI' in project 'Stripe'
        ➜ Explicit dependency on target 'StripeApplePay' in project 'Stripe'
    Target 'StripePaymentSheet' in project 'Stripe'
        ➜ Explicit dependency on target 'Stripe_StripePaymentSheet' in project 'Stripe'
        ➜ Explicit dependency on target 'StripeCore' in project 'Stripe'
        ➜ Explicit dependency on target 'Stripe3DS2' in project 'Stripe'
        ➜ Explicit dependency on target 'StripePayments' in project 'Stripe'
        ➜ Explicit dependency on target 'StripeUICore' in project 'Stripe'
        ➜ Explicit dependency on target 'StripePaymentsUI' in project 'Stripe'
        ➜ Explicit dependency on target 'StripeApplePay' in project 'Stripe'
    Target 'StripeApplePay' in project 'Stripe'
        ➜ Explicit dependency on target 'StripeCore' in project 'Stripe'
    Target 'StripePaymentsUI' in project 'Stripe'
        ➜ Explicit dependency on target 'Stripe_StripePaymentsUI' in project 'Stripe'
        ➜ Explicit dependency on target 'StripeCore' in project 'Stripe'
        ➜ Explicit dependency on target 'Stripe3DS2' in project 'Stripe'
        ➜ Explicit dependency on target 'StripePayments' in project 'Stripe'
        ➜ Explicit dependency on target 'StripeUICore' in project 'Stripe'
    Target 'Stripe_StripePaymentsUI' in project 'Stripe' (no dependencies)
    Target 'StripeUICore' in project 'Stripe'
        ➜ Explicit dependency on target 'Stripe_StripeUICore' in project 'Stripe'
        ➜ Explicit dependency on target 'StripeCore' in project 'Stripe'
    Target 'Stripe_StripeUICore' in project 'Stripe' (no dependencies)
    Target 'StripePayments' in project 'Stripe'
        ➜ Explicit dependency on target 'Stripe_StripePayments' in project 'Stripe'
        ➜ Explicit dependency on target 'StripeCore' in project 'Stripe'
        ➜ Explicit dependency on target 'Stripe3DS2' in project 'Stripe'
    Target 'Stripe_StripePayments' in project 'Stripe' (no dependencies)
    Target 'Stripe3DS2' in project 'Stripe'
        ➜ Explicit dependency on target 'Stripe_Stripe3DS2' in project 'Stripe'
    Target 'Stripe_Stripe3DS2' in project 'Stripe' (no dependencies)
    Target 'StripeCore' in project 'Stripe'
        ➜ Explicit dependency on target 'Stripe_StripeCore' in project 'Stripe'
    Target 'Stripe_StripeCore' in project 'Stripe' (no dependencies)
    Target 'Stripe_StripePaymentSheet' in project 'Stripe' (no dependencies)
    Target 'Supabase-product' in project 'Supabase'
        ➜ Explicit dependency on target 'Supabase' in project 'Supabase'
        ➜ Explicit dependency on target 'Helpers' in project 'Supabase'
        ➜ Explicit dependency on target 'Auth' in project 'Supabase'
        ➜ Explicit dependency on target 'Functions' in project 'Supabase'
        ➜ Explicit dependency on target 'PostgREST' in project 'Supabase'
        ➜ Explicit dependency on target 'Realtime' in project 'Supabase'
        ➜ Explicit dependency on target 'Storage' in project 'Supabase'
        ➜ Explicit dependency on target 'ConcurrencyExtras-product' in project 'swift-concurrency-extras'
        ➜ Explicit dependency on target 'HTTPTypes-product' in project 'swift-http-types'
        ➜ Explicit dependency on target 'Clocks-product' in project 'swift-clocks'
        ➜ Explicit dependency on target 'XCTestDynamicOverlay-product' in project 'xctest-dynamic-overlay'
        ➜ Explicit dependency on target 'Crypto-product' in project 'swift-crypto'
        ➜ Explicit dependency on target 'IssueReporting-product' in project 'xctest-dynamic-overlay'
    Target 'Supabase' in project 'Supabase'
        ➜ Explicit dependency on target 'Helpers' in project 'Supabase'
        ➜ Explicit dependency on target 'Auth' in project 'Supabase'
        ➜ Explicit dependency on target 'Functions' in project 'Supabase'
        ➜ Explicit dependency on target 'PostgREST' in project 'Supabase'
        ➜ Explicit dependency on target 'Realtime' in project 'Supabase'
        ➜ Explicit dependency on target 'Storage' in project 'Supabase'
        ➜ Explicit dependency on target 'ConcurrencyExtras-product' in project 'swift-concurrency-extras'
        ➜ Explicit dependency on target 'HTTPTypes-product' in project 'swift-http-types'
        ➜ Explicit dependency on target 'Clocks-product' in project 'swift-clocks'
        ➜ Explicit dependency on target 'XCTestDynamicOverlay-product' in project 'xctest-dynamic-overlay'
        ➜ Explicit dependency on target 'Crypto-product' in project 'swift-crypto'
        ➜ Explicit dependency on target 'IssueReporting-product' in project 'xctest-dynamic-overlay'
    Target 'Storage' in project 'Supabase'
        ➜ Explicit dependency on target 'Helpers' in project 'Supabase'
        ➜ Explicit dependency on target 'ConcurrencyExtras-product' in project 'swift-concurrency-extras'
        ➜ Explicit dependency on target 'HTTPTypes-product' in project 'swift-http-types'
        ➜ Explicit dependency on target 'Clocks-product' in project 'swift-clocks'
        ➜ Explicit dependency on target 'XCTestDynamicOverlay-product' in project 'xctest-dynamic-overlay'
    Target 'Realtime' in project 'Supabase'
        ➜ Explicit dependency on target 'Helpers' in project 'Supabase'
        ➜ Explicit dependency on target 'ConcurrencyExtras-product' in project 'swift-concurrency-extras'
        ➜ Explicit dependency on target 'HTTPTypes-product' in project 'swift-http-types'
        ➜ Explicit dependency on target 'Clocks-product' in project 'swift-clocks'
        ➜ Explicit dependency on target 'XCTestDynamicOverlay-product' in project 'xctest-dynamic-overlay'
        ➜ Explicit dependency on target 'IssueReporting-product' in project 'xctest-dynamic-overlay'
    Target 'PostgREST' in project 'Supabase'
        ➜ Explicit dependency on target 'Helpers' in project 'Supabase'
        ➜ Explicit dependency on target 'ConcurrencyExtras-product' in project 'swift-concurrency-extras'
        ➜ Explicit dependency on target 'HTTPTypes-product' in project 'swift-http-types'
        ➜ Explicit dependency on target 'Clocks-product' in project 'swift-clocks'
        ➜ Explicit dependency on target 'XCTestDynamicOverlay-product' in project 'xctest-dynamic-overlay'
    Target 'Functions' in project 'Supabase'
        ➜ Explicit dependency on target 'Helpers' in project 'Supabase'
        ➜ Explicit dependency on target 'ConcurrencyExtras-product' in project 'swift-concurrency-extras'
        ➜ Explicit dependency on target 'HTTPTypes-product' in project 'swift-http-types'
        ➜ Explicit dependency on target 'Clocks-product' in project 'swift-clocks'
        ➜ Explicit dependency on target 'XCTestDynamicOverlay-product' in project 'xctest-dynamic-overlay'
    Target 'Auth' in project 'Supabase'
        ➜ Explicit dependency on target 'Helpers' in project 'Supabase'
        ➜ Explicit dependency on target 'ConcurrencyExtras-product' in project 'swift-concurrency-extras'
        ➜ Explicit dependency on target 'HTTPTypes-product' in project 'swift-http-types'
        ➜ Explicit dependency on target 'Clocks-product' in project 'swift-clocks'
        ➜ Explicit dependency on target 'XCTestDynamicOverlay-product' in project 'xctest-dynamic-overlay'
        ➜ Explicit dependency on target 'Crypto-product' in project 'swift-crypto'
    Target 'Crypto-product' in project 'swift-crypto'
        ➜ Explicit dependency on target 'Crypto' in project 'swift-crypto'
        ➜ Explicit dependency on target 'swift-crypto_Crypto' in project 'swift-crypto'
    Target 'Crypto' in project 'swift-crypto'
        ➜ Explicit dependency on target 'swift-crypto_Crypto' in project 'swift-crypto'
    Target 'swift-crypto_Crypto' in project 'swift-crypto' (no dependencies)
    Target 'Helpers' in project 'Supabase'
        ➜ Explicit dependency on target 'ConcurrencyExtras-product' in project 'swift-concurrency-extras'
        ➜ Explicit dependency on target 'HTTPTypes-product' in project 'swift-http-types'
        ➜ Explicit dependency on target 'Clocks-product' in project 'swift-clocks'
        ➜ Explicit dependency on target 'XCTestDynamicOverlay-product' in project 'xctest-dynamic-overlay'
    Target 'XCTestDynamicOverlay-product' in project 'xctest-dynamic-overlay'
        ➜ Explicit dependency on target 'XCTestDynamicOverlay' in project 'xctest-dynamic-overlay'
        ➜ Explicit dependency on target 'IssueReporting' in project 'xctest-dynamic-overlay'
    Target 'XCTestDynamicOverlay' in project 'xctest-dynamic-overlay'
        ➜ Explicit dependency on target 'IssueReporting' in project 'xctest-dynamic-overlay'
    Target 'Clocks-product' in project 'swift-clocks'
        ➜ Explicit dependency on target 'Clocks' in project 'swift-clocks'
        ➜ Explicit dependency on target 'ConcurrencyExtras-product' in project 'swift-concurrency-extras'
        ➜ Explicit dependency on target 'IssueReporting-product' in project 'xctest-dynamic-overlay'
    Target 'Clocks' in project 'swift-clocks'
        ➜ Explicit dependency on target 'ConcurrencyExtras-product' in project 'swift-concurrency-extras'
        ➜ Explicit dependency on target 'IssueReporting-product' in project 'xctest-dynamic-overlay'
    Target 'IssueReporting-product' in project 'xctest-dynamic-overlay'
        ➜ Explicit dependency on target 'IssueReporting' in project 'xctest-dynamic-overlay'
    Target 'IssueReporting' in project 'xctest-dynamic-overlay' (no dependencies)
    Target 'HTTPTypes-product' in project 'swift-http-types'
        ➜ Explicit dependency on target 'HTTPTypes' in project 'swift-http-types'
    Target 'HTTPTypes' in project 'swift-http-types' (no dependencies)
    Target 'ConcurrencyExtras-product' in project 'swift-concurrency-extras'
        ➜ Explicit dependency on target 'ConcurrencyExtras' in project 'swift-concurrency-extras'
    Target 'ConcurrencyExtras' in project 'swift-concurrency-extras' (no dependencies)
    Target 'GameTimeCore-product' in project 'GameTimeCore'
        ➜ Explicit dependency on target 'GameTimeCore' in project 'GameTimeCore'
    Target 'GameTimeCore' in project 'GameTimeCore' (no dependencies)

GatherProvisioningInputs

CreateBuildDescription

ExecuteExternalTool /Applications/Xcode-beta.app/Contents/Developer/Toolchains/XcodeDefault.xctoolchain/usr/bin/swiftc --version

ExecuteExternalTool /Applications/Xcode-beta.app/Contents/Developer/usr/bin/actool --version --output-format xml1

ExecuteExternalTool /Applications/Xcode-beta.app/Contents/Developer/Toolchains/XcodeDefault.xctoolchain/usr/bin/clang -v -E -dM -arch arm64 -isysroot /Applications/Xcode-beta.app/Contents/Developer/Platforms/iPhoneSimulator.platform/Developer/SDKs/iPhoneSimulator27.0.sdk -x objective-c -c /dev/null

ExecuteExternalTool /Applications/Xcode-beta.app/Contents/Developer/Toolchains/XcodeDefault.xctoolchain/usr/bin/clang -v -E -dM -isysroot /Applications/Xcode-beta.app/Contents/Developer/Platforms/iPhoneSimulator.platform/Developer/SDKs/iPhoneSimulator27.0.sdk -x c -c /dev/null

ExecuteExternalTool /Applications/Xcode-beta.app/Contents/Developer/usr/bin/actool --print-asset-tag-combinations --output-format xml1 /tmp/gametime-p6-20260912/GameTime/ios/GameTime/GameTime/Assets.xcassets

ExecuteExternalTool /Applications/Xcode-beta.app/Contents/Developer/Toolchains/XcodeDefault.xctoolchain/usr/bin/clang -v -E -dM -arch arm64 -isysroot /Applications/Xcode-beta.app/Contents/Developer/Platforms/iPhoneSimulator.platform/Developer/SDKs/iPhoneSimulator27.0.sdk -x c -c /dev/null

ExecuteExternalTool /Applications/Xcode-beta.app/Contents/Developer/Toolchains/XcodeDefault.xctoolchain/usr/bin/ld -version_details

ReadFileContents /Applications/Xcode-beta.app/Contents/Developer/Toolchains/XcodeDefault.xctoolchain/usr/share/docc/features.json

Build description signature: 8dd09399306c76051db6821659412d29
Build description path: /tmp/gametime-p6-20260912/DerivedData/Build/Intermediates.noindex/XCBuildData/8dd09399306c76051db6821659412d29.xcbuilddata
ClangStatCache /Applications/Xcode-beta.app/Contents/Developer/Toolchains/XcodeDefault.xctoolchain/usr/bin/clang-stat-cache /Applications/Xcode-beta.app/Contents/Developer/Platforms/iPhoneSimulator.platform/Developer/SDKs/iPhoneSimulator27.0.sdk /tmp/gametime-p6-20260912/DerivedData/SDKStatCaches.noindex/iphonesimulator27.0-24A5408c-3243818bda632a4370e1cc7a9fd181c5.sdkstatcache
    cd /tmp/gametime-p6-20260912/GameTime/ios/GameTime/GameTime.xcodeproj
    /Applications/Xcode-beta.app/Contents/Developer/Toolchains/XcodeDefault.xctoolchain/usr/bin/clang-stat-cache /Applications/Xcode-beta.app/Contents/Developer/Platforms/iPhoneSimulator.platform/Developer/SDKs/iPhoneSimulator27.0.sdk -o /tmp/gametime-p6-20260912/DerivedData/SDKStatCaches.noindex/iphonesimulator27.0-24A5408c-3243818bda632a4370e1cc7a9fd181c5.sdkstatcache

ProcessInfoPlistFile /tmp/gametime-p6-20260912/DerivedData/Build/Products/Debug-iphonesimulator/swift-crypto_Crypto.bundle/Info.plist /tmp/gametime-p6-20260912/DerivedData/Build/Intermediates.noindex/swift-crypto.build/Debug-iphonesimulator/swift-crypto_Crypto-b.build/empty-swift-crypto_Crypto.plist (in target 'swift-crypto_Crypto' from project 'swift-crypto')
    cd /tmp/gametime-p6-20260912/DerivedData/SourcePackages/checkouts/swift-crypto
    builtin-infoPlistUtility /tmp/gametime-p6-20260912/DerivedData/Build/Intermediates.noindex/swift-crypto.build/Debug-iphonesimulator/swift-crypto_Crypto-b.build/empty-swift-crypto_Crypto.plist -producttype com.apple.product-type.bundle -expandbuildsettings -format binary -platform iphonesimulator -o /tmp/gametime-p6-20260912/DerivedData/Build/Products/Debug-iphonesimulator/swift-crypto_Crypto.bundle/Info.plist

ProcessInfoPlistFile /tmp/gametime-p6-20260912/DerivedData/Build/Products/Debug-iphonesimulator/Stripe_StripePaymentSheet.bundle/Info.plist /tmp/gametime-p6-20260912/DerivedData/Build/Intermediates.noindex/Stripe.build/Debug-iphonesimulator/Stripe_StripePaymentSheet-b.build/empty-Stripe_StripePaymentSheet.plist (in target 'Stripe_StripePaymentSheet' from project 'Stripe')
    cd /tmp/gametime-p6-20260912/DerivedData/SourcePackages/checkouts/stripe-ios-spm
    builtin-infoPlistUtility /tmp/gametime-p6-20260912/DerivedData/Build/Intermediates.noindex/Stripe.build/Debug-iphonesimulator/Stripe_StripePaymentSheet-b.build/empty-Stripe_StripePaymentSheet.plist -producttype com.apple.product-type.bundle -expandbuildsettings -format binary -platform iphonesimulator -additionalcontentfile /tmp/gametime-p6-20260912/DerivedData/Build/Intermediates.noindex/Stripe.build/Debug-iphonesimulator/Stripe_StripePaymentSheet-b.build/assetcatalog_generated_info.plist -o /tmp/gametime-p6-20260912/DerivedData/Build/Products/Debug-iphonesimulator/Stripe_StripePaymentSheet.bundle/Info.plist

ProcessInfoPlistFile /tmp/gametime-p6-20260912/DerivedData/Build/Products/Debug-iphonesimulator/Stripe_StripeCore.bundle/Info.plist /tmp/gametime-p6-20260912/DerivedData/Build/Intermediates.noindex/Stripe.build/Debug-iphonesimulator/Stripe_StripeCore-b.build/empty-Stripe_StripeCore.plist (in target 'Stripe_StripeCore' from project 'Stripe')
    cd /tmp/gametime-p6-20260912/DerivedData/SourcePackages/checkouts/stripe-ios-spm
    builtin-infoPlistUtility /tmp/gametime-p6-20260912/DerivedData/Build/Intermediates.noindex/Stripe.build/Debug-iphonesimulator/Stripe_StripeCore-b.build/empty-Stripe_StripeCore.plist -producttype com.apple.product-type.bundle -expandbuildsettings -format binary -platform iphonesimulator -o /tmp/gametime-p6-20260912/DerivedData/Build/Products/Debug-iphonesimulator/Stripe_StripeCore.bundle/Info.plist

ProcessInfoPlistFile /tmp/gametime-p6-20260912/DerivedData/Build/Products/Debug-iphonesimulator/Stripe_Stripe3DS2.bundle/Info.plist /tmp/gametime-p6-20260912/DerivedData/Build/Intermediates.noindex/Stripe.build/Debug-iphonesimulator/Stripe_Stripe3DS2-b.build/empty-Stripe_Stripe3DS2.plist (in target 'Stripe_Stripe3DS2' from project 'Stripe')
    cd /tmp/gametime-p6-20260912/DerivedData/SourcePackages/checkouts/stripe-ios-spm
    builtin-infoPlistUtility /tmp/gametime-p6-20260912/DerivedData/Build/Intermediates.noindex/Stripe.build/Debug-iphonesimulator/Stripe_Stripe3DS2-b.build/empty-Stripe_Stripe3DS2.plist -producttype com.apple.product-type.bundle -expandbuildsettings -format binary -platform iphonesimulator -additionalcontentfile /tmp/gametime-p6-20260912/DerivedData/Build/Intermediates.noindex/Stripe.build/Debug-iphonesimulator/Stripe_Stripe3DS2-b.build/assetcatalog_generated_info.plist -o /tmp/gametime-p6-20260912/DerivedData/Build/Products/Debug-iphonesimulator/Stripe_Stripe3DS2.bundle/Info.plist

note: Run script build phase 'Validate Installed Configuration' will be run during every build because the option to run the script phase "Based on dependency analysis" is unchecked. (in target 'GameTime' from project 'GameTime')
PhaseScriptExecution Validate\ Installed\ Configuration /tmp/gametime-p6-20260912/DerivedData/Build/Intermediates.noindex/GameTime.build/Debug-iphonesimulator/GameTime.build/Script-B00000000000000000000001.sh (in target 'GameTime' from project 'GameTime')
    cd /tmp/gametime-p6-20260912/GameTime/ios/GameTime
    /usr/bin/sandbox-exec -D SCRIPT_INPUT_FILE_0\=/tmp/gametime-p6-20260912/DerivedData/Build/Intermediates.noindex/GameTime.build/Debug-iphonesimulator/GameTime.build/Script-B00000000000000000000001.sh -D SCRIPT_INPUT_ANCESTOR_0\=/ -D SCRIPT_INPUT_ANCESTOR_1\=/tmp -D SCRIPT_INPUT_ANCESTOR_2\=/tmp/gametime-p6-20260912 -D SCRIPT_INPUT_ANCESTOR_3\=/tmp/gametime-p6-20260912/DerivedData -D SCRIPT_INPUT_ANCESTOR_4\=/tmp/gametime-p6-20260912/DerivedData/Build -D SCRIPT_INPUT_ANCESTOR_5\=/tmp/gametime-p6-20260912/DerivedData/Build/Intermediates.noindex -D SCRIPT_INPUT_ANCESTOR_6\=/tmp/gametime-p6-20260912/DerivedData/Build/Intermediates.noindex/GameTime.build -D SCRIPT_INPUT_ANCESTOR_7\=/tmp/gametime-p6-20260912/DerivedData/Build/Intermediates.noindex/GameTime.build/Debug-iphonesimulator -D SCRIPT_INPUT_ANCESTOR_8\=/tmp/gametime-p6-20260912/DerivedData/Build/Intermediates.noindex/GameTime.build/Debug-iphonesimulator/GameTime.build -D SRCROOT\=/tmp/gametime-p6-20260912/GameTime/ios/GameTime -D PROJECT_DIR\=/tmp/gametime-p6-20260912/GameTime/ios/GameTime -D OBJROOT\=/tmp/gametime-p6-20260912/DerivedData/Build/Intermediates.noindex -D SYMROOT\=/tmp/gametime-p6-20260912/DerivedData/Build/Products -D DSTROOT\=/tmp/GameTime.dst -D SHARED_PRECOMPS_DIR\=/tmp/gametime-p6-20260912/DerivedData/Build/Intermediates.noindex/PrecompiledHeaders -D CACHE_ROOT\=/var/folders/sy/7p0tvz116ng_87l_lqp82qn80000gn/C/com.apple.DeveloperTools/27.0-27A5237l/Xcode -D CONFIGURATION_BUILD_DIR\=/tmp/gametime-p6-20260912/DerivedData/Build/Products/Debug-iphonesimulator -D CONFIGURATION_TEMP_DIR\=/tmp/gametime-p6-20260912/DerivedData/Build/Intermediates.noindex/GameTime.build/Debug-iphonesimulator -D LOCROOT\=/tmp/gametime-p6-20260912/GameTime/ios/GameTime -D LOCSYMROOT\=/tmp/gametime-p6-20260912/GameTime/ios/GameTime -D INDEX_PRECOMPS_DIR\=/tmp/gametime-p6-20260912/DerivedData/Index.noindex/PrecompiledHeaders -D INDEX_DATA_STORE_DIR\=/tmp/gametime-p6-20260912/DerivedData/Index.noindex/DataStore -D TEMP_DIR\=/tmp/gametime-p6-20260912/DerivedData/Build/Intermediates.noindex/GameTime.build/Debug-iphonesimulator/GameTime.build -D TARGET_TEMP_DIR\=/tmp/gametime-p6-20260912/DerivedData/Build/Intermediates.noindex/GameTime.build/Debug-iphonesimulator/GameTime.build -D DERIVED_FILE_DIR\=/tmp/gametime-p6-20260912/DerivedData/Build/Intermediates.noindex/GameTime.build/Debug-iphonesimulator/GameTime.build/DerivedSources -f /tmp/gametime-p6-20260912/DerivedData/Build/Intermediates.noindex/GameTime.build/Debug-iphonesimulator/GameTime.build/d9b3b5d28279340a0d17c7254816dbc8.sb /bin/sh -c /tmp/gametime-p6-20260912/DerivedData/Build/Intermediates.noindex/GameTime.build/Debug-iphonesimulator/GameTime.build/Script-B00000000000000000000001.sh

ProcessInfoPlistFile /tmp/gametime-p6-20260912/DerivedData/Build/Products/Debug-iphonesimulator/Stripe_StripePayments.bundle/Info.plist /tmp/gametime-p6-20260912/DerivedData/Build/Intermediates.noindex/Stripe.build/Debug-iphonesimulator/Stripe_StripePayments-b.build/empty-Stripe_StripePayments.plist (in target 'Stripe_StripePayments' from project 'Stripe')
    cd /tmp/gametime-p6-20260912/DerivedData/SourcePackages/checkouts/stripe-ios-spm
    builtin-infoPlistUtility /tmp/gametime-p6-20260912/DerivedData/Build/Intermediates.noindex/Stripe.build/Debug-iphonesimulator/Stripe_StripePayments-b.build/empty-Stripe_StripePayments.plist -producttype com.apple.product-type.bundle -expandbuildsettings -format binary -platform iphonesimulator -o /tmp/gametime-p6-20260912/DerivedData/Build/Products/Debug-iphonesimulator/Stripe_StripePayments.bundle/Info.plist

SwiftDriver GameTime normal arm64 com.apple.xcode.tools.swift.compiler (in target 'GameTime' from project 'GameTime')
    cd /tmp/gametime-p6-20260912/GameTime/ios/GameTime
    builtin-SwiftDriver -- /Applications/Xcode-beta.app/Contents/Developer/Toolchains/XcodeDefault.xctoolchain/usr/bin/swiftc -module-name GameTime -Onone @/tmp/gametime-p6-20260912/DerivedData/Build/Intermediates.noindex/GameTime.build/Debug-iphonesimulator/GameTime.build/Objects-normal/arm64/GameTime.SwiftFileList -DDEBUG -Xcc -fmodule-map-file\=/tmp/gametime-p6-20260912/DerivedData/Build/Intermediates.noindex/GeneratedModuleMaps-iphonesimulator/Stripe3DS2.modulemap -enable-experimental-feature DebugDescriptionMacro -sdk /Applications/Xcode-beta.app/Contents/Developer/Platforms/iPhoneSimulator.platform/Developer/SDKs/iPhoneSimulator27.0.sdk -target arm64-apple-ios18.0-simulator -g -module-cache-path /tmp/gametime-p6-20260912/DerivedData/ModuleCache.noindex -Xfrontend -serialize-debugging-options -profile-coverage-mapping -profile-generate -enable-testing -index-store-path /tmp/gametime-p6-20260912/DerivedData/Index.noindex/DataStore -Xcc -D_LIBCPP_HARDENING_MODE\=_LIBCPP_HARDENING_MODE_DEBUG -swift-version 6 -I /tmp/gametime-p6-20260912/DerivedData/Build/Products/Debug-iphonesimulator -F /tmp/gametime-p6-20260912/DerivedData/Build/Products/Debug-iphonesimulator/PackageFrameworks -F /tmp/gametime-p6-20260912/DerivedData/Build/Products/Debug-iphonesimulator -emit-localized-strings -emit-localized-strings-path /tmp/gametime-p6-20260912/DerivedData/Build/Intermediates.noindex/GameTime.build/Debug-iphonesimulator/GameTime.build/Objects-normal/arm64 -c -j10 -enable-batch-mode -incremental -Xcc -ivfsstatcache -Xcc /tmp/gametime-p6-20260912/DerivedData/SDKStatCaches.noindex/iphonesimulator27.0-24A5408c-3243818bda632a4370e1cc7a9fd181c5.sdkstatcache -output-file-map /tmp/gametime-p6-20260912/DerivedData/Build/Intermediates.noindex/GameTime.build/Debug-iphonesimulator/GameTime.build/Objects-normal/arm64/GameTime-OutputFileMap.json -save-temps -no-color-diagnostics -explicit-module-build -module-cache-path /tmp/gametime-p6-20260912/DerivedData/Build/Intermediates.noindex/SwiftExplicitPrecompiledModules -clang-scanner-module-cache-path /tmp/gametime-p6-20260912/DerivedData/ModuleCache.noindex -sdk-module-cache-path /tmp/gametime-p6-20260912/DerivedData/SDKExplicitPrecompiledModules -emit-dependencies -emit-module -emit-module-path /tmp/gametime-p6-20260912/DerivedData/Build/Intermediates.noindex/GameTime.build/Debug-iphonesimulator/GameTime.build/Objects-normal/arm64/GameTime.swiftmodule -serialize-diagnostics -dependency-scan-serialize-diagnostics-path /tmp/gametime-p6-20260912/DerivedData/Build/Intermediates.noindex/GameTime.build/Debug-iphonesimulator/GameTime.build/Objects-normal/arm64/GameTime-dependency-scan.dia -validate-clang-modules-once -clang-build-session-file /tmp/gametime-p6-20260912/DerivedData/ModuleCache.noindex/Session.modulevalidation -Xcc -fmodules-prune-interval\=86400 -Xcc -fmodules-prune-after\=345600 -emit-const-values -const-gather-protocols-list /tmp/gametime-p6-20260912/DerivedData/Build/Intermediates.noindex/GameTime.build/Debug-iphonesimulator/GameTime.build/Objects-normal/arm64/GameTime_const_extract_protocols.json -Xcc -iquote -Xcc /tmp/gametime-p6-20260912/DerivedData/Build/Intermediates.noindex/GameTime.build/Debug-iphonesimulator/GameTime.build/GameTime-generated-files.hmap -Xcc -I/tmp/gametime-p6-20260912/DerivedData/Build/Intermediates.noindex/GameTime.build/Debug-iphonesimulator/GameTime.build/GameTime-own-target-headers.hmap -Xcc -I/tmp/gametime-p6-20260912/DerivedData/Build/Intermediates.noindex/GameTime.build/Debug-iphonesimulator/GameTime.build/GameTime-all-non-framework-target-headers.hmap -Xcc -ivfsoverlay -Xcc /tmp/gametime-p6-20260912/DerivedData/Build/Intermediates.noindex/GameTime.build/Debug-iphonesimulator/GameTime-e7e15e2ffefd3774fc81649571617556-VFS-iphonesimulator/all-product-headers.yaml -Xcc -iquote -Xcc /tmp/gametime-p6-20260912/DerivedData/Build/Intermediates.noindex/GameTime.build/Debug-iphonesimulator/GameTime.build/GameTime-project-headers.hmap -Xcc -I/tmp/gametime-p6-20260912/DerivedData/SourcePackages/checkouts/stripe-ios-spm/Stripe3DS2/Stripe3DS2/include -Xcc -I/tmp/gametime-p6-20260912/DerivedData/Build/Products/Debug-iphonesimulator/include -Xcc -I/tmp/gametime-p6-20260912/DerivedData/Build/Intermediates.noindex/GameTime.build/Debug-iphonesimulator/GameTime.build/DerivedSources-normal/arm64 -Xcc -I/tmp/gametime-p6-20260912/DerivedData/Build/Intermediates.noindex/GameTime.build/Debug-iphonesimulator/GameTime.build/DerivedSources/arm64 -Xcc -I/tmp/gametime-p6-20260912/DerivedData/Build/Intermediates.noindex/GameTime.build/Debug-iphonesimulator/GameTime.build/DerivedSources -Xcc -DDEBUG\=1 -emit-objc-header -emit-objc-header-path /tmp/gametime-p6-20260912/DerivedData/Build/Intermediates.noindex/GameTime.build/Debug-iphonesimulator/GameTime.build/Objects-normal/arm64/GameTime-Swift.h -working-directory /tmp/gametime-p6-20260912/GameTime/ios/GameTime -experimental-emit-module-separately -disable-cmo

ProcessInfoPlistFile /tmp/gametime-p6-20260912/DerivedData/Build/Products/Debug-iphonesimulator/Stripe_StripeUICore.bundle/Info.plist /tmp/gametime-p6-20260912/DerivedData/Build/Intermediates.noindex/Stripe.build/Debug-iphonesimulator/Stripe_StripeUICore-b.build/empty-Stripe_StripeUICore.plist (in target 'Stripe_StripeUICore' from project 'Stripe')
    cd /tmp/gametime-p6-20260912/DerivedData/SourcePackages/checkouts/stripe-ios-spm
    builtin-infoPlistUtility /tmp/gametime-p6-20260912/DerivedData/Build/Intermediates.noindex/Stripe.build/Debug-iphonesimulator/Stripe_StripeUICore-b.build/empty-Stripe_StripeUICore.plist -producttype com.apple.product-type.bundle -expandbuildsettings -format binary -platform iphonesimulator -additionalcontentfile /tmp/gametime-p6-20260912/DerivedData/Build/Intermediates.noindex/Stripe.build/Debug-iphonesimulator/Stripe_StripeUICore-b.build/assetcatalog_generated_info.plist -o /tmp/gametime-p6-20260912/DerivedData/Build/Products/Debug-iphonesimulator/Stripe_StripeUICore.bundle/Info.plist

ProcessInfoPlistFile /tmp/gametime-p6-20260912/DerivedData/Build/Products/Debug-iphonesimulator/Stripe_StripePaymentsUI.bundle/Info.plist /tmp/gametime-p6-20260912/DerivedData/Build/Intermediates.noindex/Stripe.build/Debug-iphonesimulator/Stripe_StripePaymentsUI-b.build/empty-Stripe_StripePaymentsUI.plist (in target 'Stripe_StripePaymentsUI' from project 'Stripe')
    cd /tmp/gametime-p6-20260912/DerivedData/SourcePackages/checkouts/stripe-ios-spm
    builtin-infoPlistUtility /tmp/gametime-p6-20260912/DerivedData/Build/Intermediates.noindex/Stripe.build/Debug-iphonesimulator/Stripe_StripePaymentsUI-b.build/empty-Stripe_StripePaymentsUI.plist -producttype com.apple.product-type.bundle -expandbuildsettings -format binary -platform iphonesimulator -additionalcontentfile /tmp/gametime-p6-20260912/DerivedData/Build/Intermediates.noindex/Stripe.build/Debug-iphonesimulator/Stripe_StripePaymentsUI-b.build/assetcatalog_generated_info.plist -o /tmp/gametime-p6-20260912/DerivedData/Build/Products/Debug-iphonesimulator/Stripe_StripePaymentsUI.bundle/Info.plist

SwiftEmitModule normal arm64 Emitting\ module\ for\ GameTime (in target 'GameTime' from project 'GameTime')

SwiftCompile normal arm64 (in target 'GameTime' from project 'GameTime')
    cd /tmp/gametime-p6-20260912/GameTime/ios/GameTime


SwiftCompile normal arm64 Compiling\ ChallengeV1Models.swift /tmp/gametime-p6-20260912/GameTime/ios/GameTime/GameTime/ChallengeV1Models.swift (in target 'GameTime' from project 'GameTime')

SwiftCompile normal arm64 /tmp/gametime-p6-20260912/GameTime/ios/GameTime/GameTime/ChallengeV1Models.swift (in target 'GameTime' from project 'GameTime')
    cd /tmp/gametime-p6-20260912/GameTime/ios/GameTime
    builtin-SwiftPerFileCompile ChallengeV1Models.swift

SwiftDriverJobDiscovery normal arm64 Compiling ChallengeV1Models.swift (in target 'GameTime' from project 'GameTime')

SwiftDriver\ Compilation GameTime normal arm64 com.apple.xcode.tools.swift.compiler (in target 'GameTime' from project 'GameTime')
    cd /tmp/gametime-p6-20260912/GameTime/ios/GameTime
    builtin-Swift-Compilation -- /Applications/Xcode-beta.app/Contents/Developer/Toolchains/XcodeDefault.xctoolchain/usr/bin/swiftc -module-name GameTime -Onone @/tmp/gametime-p6-20260912/DerivedData/Build/Intermediates.noindex/GameTime.build/Debug-iphonesimulator/GameTime.build/Objects-normal/arm64/GameTime.SwiftFileList -DDEBUG -Xcc -fmodule-map-file\=/tmp/gametime-p6-20260912/DerivedData/Build/Intermediates.noindex/GeneratedModuleMaps-iphonesimulator/Stripe3DS2.modulemap -enable-experimental-feature DebugDescriptionMacro -sdk /Applications/Xcode-beta.app/Contents/Developer/Platforms/iPhoneSimulator.platform/Developer/SDKs/iPhoneSimulator27.0.sdk -target arm64-apple-ios18.0-simulator -g -module-cache-path /tmp/gametime-p6-20260912/DerivedData/ModuleCache.noindex -Xfrontend -serialize-debugging-options -profile-coverage-mapping -profile-generate -enable-testing -index-store-path /tmp/gametime-p6-20260912/DerivedData/Index.noindex/DataStore -Xcc -D_LIBCPP_HARDENING_MODE\=_LIBCPP_HARDENING_MODE_DEBUG -swift-version 6 -I /tmp/gametime-p6-20260912/DerivedData/Build/Products/Debug-iphonesimulator -F /tmp/gametime-p6-20260912/DerivedData/Build/Products/Debug-iphonesimulator/PackageFrameworks -F /tmp/gametime-p6-20260912/DerivedData/Build/Products/Debug-iphonesimulator -emit-localized-strings -emit-localized-strings-path /tmp/gametime-p6-20260912/DerivedData/Build/Intermediates.noindex/GameTime.build/Debug-iphonesimulator/GameTime.build/Objects-normal/arm64 -c -j10 -enable-batch-mode -incremental -Xcc -ivfsstatcache -Xcc /tmp/gametime-p6-20260912/DerivedData/SDKStatCaches.noindex/iphonesimulator27.0-24A5408c-3243818bda632a4370e1cc7a9fd181c5.sdkstatcache -output-file-map /tmp/gametime-p6-20260912/DerivedData/Build/Intermediates.noindex/GameTime.build/Debug-iphonesimulator/GameTime.build/Objects-normal/arm64/GameTime-OutputFileMap.json -save-temps -no-color-diagnostics -explicit-module-build -module-cache-path /tmp/gametime-p6-20260912/DerivedData/Build/Intermediates.noindex/SwiftExplicitPrecompiledModules -clang-scanner-module-cache-path /tmp/gametime-p6-20260912/DerivedData/ModuleCache.noindex -sdk-module-cache-path /tmp/gametime-p6-20260912/DerivedData/SDKExplicitPrecompiledModules -emit-dependencies -emit-module -emit-module-path /tmp/gametime-p6-20260912/DerivedData/Build/Intermediates.noindex/GameTime.build/Debug-iphonesimulator/GameTime.build/Objects-normal/arm64/GameTime.swiftmodule -serialize-diagnostics -dependency-scan-serialize-diagnostics-path /tmp/gametime-p6-20260912/DerivedData/Build/Intermediates.noindex/GameTime.build/Debug-iphonesimulator/GameTime.build/Objects-normal/arm64/GameTime-dependency-scan.dia -validate-clang-modules-once -clang-build-session-file /tmp/gametime-p6-20260912/DerivedData/ModuleCache.noindex/Session.modulevalidation -Xcc -fmodules-prune-interval\=86400 -Xcc -fmodules-prune-after\=345600 -emit-const-values -const-gather-protocols-list /tmp/gametime-p6-20260912/DerivedData/Build/Intermediates.noindex/GameTime.build/Debug-iphonesimulator/GameTime.build/Objects-normal/arm64/GameTime_const_extract_protocols.json -Xcc -iquote -Xcc /tmp/gametime-p6-20260912/DerivedData/Build/Intermediates.noindex/GameTime.build/Debug-iphonesimulator/GameTime.build/GameTime-generated-files.hmap -Xcc -I/tmp/gametime-p6-20260912/DerivedData/Build/Intermediates.noindex/GameTime.build/Debug-iphonesimulator/GameTime.build/GameTime-own-target-headers.hmap -Xcc -I/tmp/gametime-p6-20260912/DerivedData/Build/Intermediates.noindex/GameTime.build/Debug-iphonesimulator/GameTime.build/GameTime-all-non-framework-target-headers.hmap -Xcc -ivfsoverlay -Xcc /tmp/gametime-p6-20260912/DerivedData/Build/Intermediates.noindex/GameTime.build/Debug-iphonesimulator/GameTime-e7e15e2ffefd3774fc81649571617556-VFS-iphonesimulator/all-product-headers.yaml -Xcc -iquote -Xcc /tmp/gametime-p6-20260912/DerivedData/Build/Intermediates.noindex/GameTime.build/Debug-iphonesimulator/GameTime.build/GameTime-project-headers.hmap -Xcc -I/tmp/gametime-p6-20260912/DerivedData/SourcePackages/checkouts/stripe-ios-spm/Stripe3DS2/Stripe3DS2/include -Xcc -I/tmp/gametime-p6-20260912/DerivedData/Build/Products/Debug-iphonesimulator/include -Xcc -I/tmp/gametime-p6-20260912/DerivedData/Build/Intermediates.noindex/GameTime.build/Debug-iphonesimulator/GameTime.build/DerivedSources-normal/arm64 -Xcc -I/tmp/gametime-p6-20260912/DerivedData/Build/Intermediates.noindex/GameTime.build/Debug-iphonesimulator/GameTime.build/DerivedSources/arm64 -Xcc -I/tmp/gametime-p6-20260912/DerivedData/Build/Intermediates.noindex/GameTime.build/Debug-iphonesimulator/GameTime.build/DerivedSources -Xcc -DDEBUG\=1 -emit-objc-header -emit-objc-header-path /tmp/gametime-p6-20260912/DerivedData/Build/Intermediates.noindex/GameTime.build/Debug-iphonesimulator/GameTime.build/Objects-normal/arm64/GameTime-Swift.h -working-directory /tmp/gametime-p6-20260912/GameTime/ios/GameTime -experimental-emit-module-separately -disable-cmo

SwiftDriverJobDiscovery normal arm64 Emitting module for GameTime (in target 'GameTime' from project 'GameTime')

SwiftDriver\ Compilation\ Requirements GameTime normal arm64 com.apple.xcode.tools.swift.compiler (in target 'GameTime' from project 'GameTime')
    cd /tmp/gametime-p6-20260912/GameTime/ios/GameTime
    builtin-Swift-Compilation-Requirements -- /Applications/Xcode-beta.app/Contents/Developer/Toolchains/XcodeDefault.xctoolchain/usr/bin/swiftc -module-name GameTime -Onone @/tmp/gametime-p6-20260912/DerivedData/Build/Intermediates.noindex/GameTime.build/Debug-iphonesimulator/GameTime.build/Objects-normal/arm64/GameTime.SwiftFileList -DDEBUG -Xcc -fmodule-map-file\=/tmp/gametime-p6-20260912/DerivedData/Build/Intermediates.noindex/GeneratedModuleMaps-iphonesimulator/Stripe3DS2.modulemap -enable-experimental-feature DebugDescriptionMacro -sdk /Applications/Xcode-beta.app/Contents/Developer/Platforms/iPhoneSimulator.platform/Developer/SDKs/iPhoneSimulator27.0.sdk -target arm64-apple-ios18.0-simulator -g -module-cache-path /tmp/gametime-p6-20260912/DerivedData/ModuleCache.noindex -Xfrontend -serialize-debugging-options -profile-coverage-mapping -profile-generate -enable-testing -index-store-path /tmp/gametime-p6-20260912/DerivedData/Index.noindex/DataStore -Xcc -D_LIBCPP_HARDENING_MODE\=_LIBCPP_HARDENING_MODE_DEBUG -swift-version 6 -I /tmp/gametime-p6-20260912/DerivedData/Build/Products/Debug-iphonesimulator -F /tmp/gametime-p6-20260912/DerivedData/Build/Products/Debug-iphonesimulator/PackageFrameworks -F /tmp/gametime-p6-20260912/DerivedData/Build/Products/Debug-iphonesimulator -emit-localized-strings -emit-localized-strings-path /tmp/gametime-p6-20260912/DerivedData/Build/Intermediates.noindex/GameTime.build/Debug-iphonesimulator/GameTime.build/Objects-normal/arm64 -c -j10 -enable-batch-mode -incremental -Xcc -ivfsstatcache -Xcc /tmp/gametime-p6-20260912/DerivedData/SDKStatCaches.noindex/iphonesimulator27.0-24A5408c-3243818bda632a4370e1cc7a9fd181c5.sdkstatcache -output-file-map /tmp/gametime-p6-20260912/DerivedData/Build/Intermediates.noindex/GameTime.build/Debug-iphonesimulator/GameTime.build/Objects-normal/arm64/GameTime-OutputFileMap.json -save-temps -no-color-diagnostics -explicit-module-build -module-cache-path /tmp/gametime-p6-20260912/DerivedData/Build/Intermediates.noindex/SwiftExplicitPrecompiledModules -clang-scanner-module-cache-path /tmp/gametime-p6-20260912/DerivedData/ModuleCache.noindex -sdk-module-cache-path /tmp/gametime-p6-20260912/DerivedData/SDKExplicitPrecompiledModules -emit-dependencies -emit-module -emit-module-path /tmp/gametime-p6-20260912/DerivedData/Build/Intermediates.noindex/GameTime.build/Debug-iphonesimulator/GameTime.build/Objects-normal/arm64/GameTime.swiftmodule -serialize-diagnostics -dependency-scan-serialize-diagnostics-path /tmp/gametime-p6-20260912/DerivedData/Build/Intermediates.noindex/GameTime.build/Debug-iphonesimulator/GameTime.build/Objects-normal/arm64/GameTime-dependency-scan.dia -validate-clang-modules-once -clang-build-session-file /tmp/gametime-p6-20260912/DerivedData/ModuleCache.noindex/Session.modulevalidation -Xcc -fmodules-prune-interval\=86400 -Xcc -fmodules-prune-after\=345600 -emit-const-values -const-gather-protocols-list /tmp/gametime-p6-20260912/DerivedData/Build/Intermediates.noindex/GameTime.build/Debug-iphonesimulator/GameTime.build/Objects-normal/arm64/GameTime_const_extract_protocols.json -Xcc -iquote -Xcc /tmp/gametime-p6-20260912/DerivedData/Build/Intermediates.noindex/GameTime.build/Debug-iphonesimulator/GameTime.build/GameTime-generated-files.hmap -Xcc -I/tmp/gametime-p6-20260912/DerivedData/Build/Intermediates.noindex/GameTime.build/Debug-iphonesimulator/GameTime.build/GameTime-own-target-headers.hmap -Xcc -I/tmp/gametime-p6-20260912/DerivedData/Build/Intermediates.noindex/GameTime.build/Debug-iphonesimulator/GameTime.build/GameTime-all-non-framework-target-headers.hmap -Xcc -ivfsoverlay -Xcc /tmp/gametime-p6-20260912/DerivedData/Build/Intermediates.noindex/GameTime.build/Debug-iphonesimulator/GameTime-e7e15e2ffefd3774fc81649571617556-VFS-iphonesimulator/all-product-headers.yaml -Xcc -iquote -Xcc /tmp/gametime-p6-20260912/DerivedData/Build/Intermediates.noindex/GameTime.build/Debug-iphonesimulator/GameTime.build/GameTime-project-headers.hmap -Xcc -I/tmp/gametime-p6-20260912/DerivedData/SourcePackages/checkouts/stripe-ios-spm/Stripe3DS2/Stripe3DS2/include -Xcc -I/tmp/gametime-p6-20260912/DerivedData/Build/Products/Debug-iphonesimulator/include -Xcc -I/tmp/gametime-p6-20260912/DerivedData/Build/Intermediates.noindex/GameTime.build/Debug-iphonesimulator/GameTime.build/DerivedSources-normal/arm64 -Xcc -I/tmp/gametime-p6-20260912/DerivedData/Build/Intermediates.noindex/GameTime.build/Debug-iphonesimulator/GameTime.build/DerivedSources/arm64 -Xcc -I/tmp/gametime-p6-20260912/DerivedData/Build/Intermediates.noindex/GameTime.build/Debug-iphonesimulator/GameTime.build/DerivedSources -Xcc -DDEBUG\=1 -emit-objc-header -emit-objc-header-path /tmp/gametime-p6-20260912/DerivedData/Build/Intermediates.noindex/GameTime.build/Debug-iphonesimulator/GameTime.build/Objects-normal/arm64/GameTime-Swift.h -working-directory /tmp/gametime-p6-20260912/GameTime/ios/GameTime -experimental-emit-module-separately -disable-cmo

Copy /tmp/gametime-p6-20260912/DerivedData/Build/Products/Debug-iphonesimulator/GameTime.swiftmodule/Project/arm64-apple-ios-simulator.swiftsourceinfo /tmp/gametime-p6-20260912/DerivedData/Build/Intermediates.noindex/GameTime.build/Debug-iphonesimulator/GameTime.build/Objects-normal/arm64/GameTime.swiftsourceinfo (in target 'GameTime' from project 'GameTime')
    cd /tmp/gametime-p6-20260912/GameTime/ios/GameTime
    builtin-copy -exclude .DS_Store -exclude CVS -exclude .svn -exclude .git -exclude .hg -resolve-src-symlinks -rename /tmp/gametime-p6-20260912/DerivedData/Build/Intermediates.noindex/GameTime.build/Debug-iphonesimulator/GameTime.build/Objects-normal/arm64/GameTime.swiftsourceinfo /tmp/gametime-p6-20260912/DerivedData/Build/Products/Debug-iphonesimulator/GameTime.swiftmodule/Project/arm64-apple-ios-simulator.swiftsourceinfo

Copy /tmp/gametime-p6-20260912/DerivedData/Build/Products/Debug-iphonesimulator/GameTime.swiftmodule/arm64-apple-ios-simulator.abi.json /tmp/gametime-p6-20260912/DerivedData/Build/Intermediates.noindex/GameTime.build/Debug-iphonesimulator/GameTime.build/Objects-normal/arm64/GameTime.abi.json (in target 'GameTime' from project 'GameTime')
    cd /tmp/gametime-p6-20260912/GameTime/ios/GameTime
    builtin-copy -exclude .DS_Store -exclude CVS -exclude .svn -exclude .git -exclude .hg -resolve-src-symlinks -rename /tmp/gametime-p6-20260912/DerivedData/Build/Intermediates.noindex/GameTime.build/Debug-iphonesimulator/GameTime.build/Objects-normal/arm64/GameTime.abi.json /tmp/gametime-p6-20260912/DerivedData/Build/Products/Debug-iphonesimulator/GameTime.swiftmodule/arm64-apple-ios-simulator.abi.json

Ld /tmp/gametime-p6-20260912/DerivedData/Build/Products/Debug-iphonesimulator/GameTime.app/GameTime.debug.dylib normal (in target 'GameTime' from project 'GameTime')
    cd /tmp/gametime-p6-20260912/GameTime/ios/GameTime
    /Applications/Xcode-beta.app/Contents/Developer/Toolchains/XcodeDefault.xctoolchain/usr/bin/clang -Xlinker -reproducible -target arm64-apple-ios18.0-simulator -dynamiclib -isysroot /Applications/Xcode-beta.app/Contents/Developer/Platforms/iPhoneSimulator.platform/Developer/SDKs/iPhoneSimulator27.0.sdk -O0 -Xlinker -no_warn_duplicate_libraries -L/tmp/gametime-p6-20260912/DerivedData/Build/Intermediates.noindex/EagerLinkingTBDs/Debug-iphonesimulator -L/tmp/gametime-p6-20260912/DerivedData/Build/Products/Debug-iphonesimulator -F/tmp/gametime-p6-20260912/DerivedData/Build/Intermediates.noindex/EagerLinkingTBDs/Debug-iphonesimulator -F/tmp/gametime-p6-20260912/DerivedData/Build/Products/Debug-iphonesimulator/PackageFrameworks -F/tmp/gametime-p6-20260912/DerivedData/Build/Products/Debug-iphonesimulator -filelist /tmp/gametime-p6-20260912/DerivedData/Build/Intermediates.noindex/GameTime.build/Debug-iphonesimulator/GameTime.build/Objects-normal/arm64/GameTime.LinkFileList -install_name @rpath/GameTime.debug.dylib -Xlinker -rpath -Xlinker /usr/lib/swift -Xlinker -rpath -Xlinker @loader_path -Xlinker -rpath -Xlinker /tmp/gametime-p6-20260912/DerivedData/Build/Products/Debug-iphonesimulator/PackageFrameworks -Xlinker -rpath -Xlinker @executable_path/Frameworks -Xlinker -dead_strip -Xlinker -object_path_lto -Xlinker /tmp/gametime-p6-20260912/DerivedData/Build/Intermediates.noindex/GameTime.build/Debug-iphonesimulator/GameTime.build/Objects-normal/arm64/GameTime_lto.o -rdynamic -Xlinker -no_deduplicate -Xlinker -objc_abi_version -Xlinker 2 -Xlinker -debug_variant -Xlinker -dependency_info -Xlinker /tmp/gametime-p6-20260912/DerivedData/Build/Intermediates.noindex/GameTime.build/Debug-iphonesimulator/GameTime.build/Objects-normal/arm64/GameTime_dependency_info.dat -fobjc-link-runtime -fprofile-instr-generate -L/Applications/Xcode-beta.app/Contents/Developer/Toolchains/XcodeDefault.xctoolchain/usr/lib/swift/iphonesimulator -L/usr/lib/swift -Xlinker -add_ast_path -Xlinker /tmp/gametime-p6-20260912/DerivedData/Build/Intermediates.noindex/GameTime.build/Debug-iphonesimulator/GameTime.build/Objects-normal/arm64/GameTime.swiftmodule -Xlinker -alias -Xlinker _main -Xlinker ___debug_main_executable_dylib_entry_point -o /tmp/gametime-p6-20260912/DerivedData/Build/Products/Debug-iphonesimulator/GameTime.app/GameTime.debug.dylib

ConstructStubExecutorLinkFileList /tmp/gametime-p6-20260912/DerivedData/Build/Intermediates.noindex/GameTime.build/Debug-iphonesimulator/GameTime.build/GameTime-ExecutorLinkFileList-normal-arm64.txt (in target 'GameTime' from project 'GameTime')
    cd /tmp/gametime-p6-20260912/GameTime/ios/GameTime
    construct-stub-executor-link-file-list /tmp/gametime-p6-20260912/DerivedData/Build/Products/Debug-iphonesimulator/GameTime.app/GameTime.debug.dylib /Applications/Xcode-beta.app/Contents/Developer/Platforms/iPhoneSimulator.platform/Developer/usr/lib/libPreviewsJITStubExecutor_no_swift_entry_point.a /Applications/Xcode-beta.app/Contents/Developer/Platforms/iPhoneSimulator.platform/Developer/usr/lib/libPreviewsJITStubExecutor.a --output /tmp/gametime-p6-20260912/DerivedData/Build/Intermediates.noindex/GameTime.build/Debug-iphonesimulator/GameTime.build/GameTime-ExecutorLinkFileList-normal-arm64.txt
note: Using stub executor library with Swift entry point. (in target 'GameTime' from project 'GameTime')

Ld /tmp/gametime-p6-20260912/DerivedData/Build/Products/Debug-iphonesimulator/GameTime.app/GameTime normal (in target 'GameTime' from project 'GameTime')
    cd /tmp/gametime-p6-20260912/GameTime/ios/GameTime
    /Applications/Xcode-beta.app/Contents/Developer/Toolchains/XcodeDefault.xctoolchain/usr/bin/clang -Xlinker -reproducible -target arm64-apple-ios18.0-simulator -isysroot /Applications/Xcode-beta.app/Contents/Developer/Platforms/iPhoneSimulator.platform/Developer/SDKs/iPhoneSimulator27.0.sdk -O0 -Xlinker -no_warn_duplicate_libraries -L/tmp/gametime-p6-20260912/DerivedData/Build/Products/Debug-iphonesimulator -F/tmp/gametime-p6-20260912/DerivedData/Build/Products/Debug-iphonesimulator/PackageFrameworks -F/tmp/gametime-p6-20260912/DerivedData/Build/Products/Debug-iphonesimulator -Xlinker -rpath -Xlinker @executable_path -Xlinker -rpath -Xlinker @loader_path -Xlinker -rpath -Xlinker /tmp/gametime-p6-20260912/DerivedData/Build/Products/Debug-iphonesimulator/PackageFrameworks -Xlinker -rpath -Xlinker @executable_path/Frameworks -rdynamic -Xlinker -no_deduplicate -Xlinker -objc_abi_version -Xlinker 2 -Xlinker -debug_variant -e ___debug_blank_executor_main -Xlinker -sectcreate -Xlinker __TEXT -Xlinker __debug_dylib -Xlinker /tmp/gametime-p6-20260912/DerivedData/Build/Intermediates.noindex/GameTime.build/Debug-iphonesimulator/GameTime.build/GameTime-DebugDylibPath-normal-arm64.txt -Xlinker -sectcreate -Xlinker __TEXT -Xlinker __debug_instlnm -Xlinker /tmp/gametime-p6-20260912/DerivedData/Build/Intermediates.noindex/GameTime.build/Debug-iphonesimulator/GameTime.build/GameTime-DebugDylibInstallName-normal-arm64.txt -Xlinker -filelist -Xlinker /tmp/gametime-p6-20260912/DerivedData/Build/Intermediates.noindex/GameTime.build/Debug-iphonesimulator/GameTime.build/GameTime-ExecutorLinkFileList-normal-arm64.txt /tmp/gametime-p6-20260912/DerivedData/Build/Products/Debug-iphonesimulator/GameTime.app/GameTime.debug.dylib -o /tmp/gametime-p6-20260912/DerivedData/Build/Products/Debug-iphonesimulator/GameTime.app/GameTime

ExtractAppIntentsMetadata (in target 'GameTime' from project 'GameTime')
    cd /tmp/gametime-p6-20260912/GameTime/ios/GameTime
    /Applications/Xcode-beta.app/Contents/Developer/Toolchains/XcodeDefault.xctoolchain/usr/bin/appintentsmetadataprocessor --toolchain-dir /Applications/Xcode-beta.app/Contents/Developer/Toolchains/XcodeDefault.xctoolchain --module-name GameTime --sdk-root /Applications/Xcode-beta.app/Contents/Developer/Platforms/iPhoneSimulator.platform/Developer/SDKs/iPhoneSimulator27.0.sdk --xcode-version 27A5237l --platform-family iOS --deployment-target 18.0 --bundle-identifier com.mjenkins.gametime.staging --output /tmp/gametime-p6-20260912/DerivedData/Build/Products/Debug-iphonesimulator/GameTime.app --target-triple arm64-apple-ios18.0-simulator --binary-file /tmp/gametime-p6-20260912/DerivedData/Build/Products/Debug-iphonesimulator/GameTime.app/GameTime --dependency-file /tmp/gametime-p6-20260912/DerivedData/Build/Intermediates.noindex/GameTime.build/Debug-iphonesimulator/GameTime.build/Objects-normal/arm64/GameTime_dependency_info.dat --stringsdata-file /tmp/gametime-p6-20260912/DerivedData/Build/Intermediates.noindex/GameTime.build/Debug-iphonesimulator/GameTime.build/Objects-normal/arm64/ExtractedAppShortcutsMetadata.stringsdata --source-file-list /tmp/gametime-p6-20260912/DerivedData/Build/Intermediates.noindex/GameTime.build/Debug-iphonesimulator/GameTime.build/Objects-normal/arm64/GameTime.SwiftFileList --metadata-file-list /tmp/gametime-p6-20260912/DerivedData/Build/Intermediates.noindex/GameTime.build/Debug-iphonesimulator/GameTime.build/GameTime.DependencyMetadataFileList --static-metadata-file-list /tmp/gametime-p6-20260912/DerivedData/Build/Intermediates.noindex/GameTime.build/Debug-iphonesimulator/GameTime.build/GameTime.DependencyStaticMetadataFileList --swift-const-vals-list /tmp/gametime-p6-20260912/DerivedData/Build/Intermediates.noindex/GameTime.build/Debug-iphonesimulator/GameTime.build/Objects-normal/arm64/GameTime.SwiftConstValuesFileList --compile-time-extraction --deployment-aware-processing --no-app-shortcuts-localization
2026-09-11 21:02:39.715 appintentsmetadataprocessor[4458:960150] Starting appintentsmetadataprocessor export
2026-09-11 21:02:39.719 appintentsmetadataprocessor[4458:960150] warning: Metadata extraction skipped, no AppIntents.framework dependency found

SwiftDriver GameTimeTests normal arm64 com.apple.xcode.tools.swift.compiler (in target 'GameTimeTests' from project 'GameTime')
    cd /tmp/gametime-p6-20260912/GameTime/ios/GameTime
    builtin-SwiftDriver -- /Applications/Xcode-beta.app/Contents/Developer/Toolchains/XcodeDefault.xctoolchain/usr/bin/swiftc -module-name GameTimeTests -Onone @/tmp/gametime-p6-20260912/DerivedData/Build/Intermediates.noindex/GameTime.build/Debug-iphonesimulator/GameTimeTests.build/Objects-normal/arm64/GameTimeTests.SwiftFileList -DDEBUG -Xcc -fmodule-map-file\=/tmp/gametime-p6-20260912/DerivedData/Build/Intermediates.noindex/GeneratedModuleMaps-iphonesimulator/Stripe3DS2.modulemap -plugin-path /Applications/Xcode-beta.app/Contents/Developer/Toolchains/XcodeDefault.xctoolchain/usr/lib/swift/host/plugins/testing -enable-experimental-feature DebugDescriptionMacro -sdk /Applications/Xcode-beta.app/Contents/Developer/Platforms/iPhoneSimulator.platform/Developer/SDKs/iPhoneSimulator27.0.sdk -target arm64-apple-ios18.0-simulator -g -module-cache-path /tmp/gametime-p6-20260912/DerivedData/ModuleCache.noindex -Xfrontend -serialize-debugging-options -profile-coverage-mapping -profile-generate -enable-testing -index-store-path /tmp/gametime-p6-20260912/DerivedData/Index.noindex/DataStore -Xcc -D_LIBCPP_HARDENING_MODE\=_LIBCPP_HARDENING_MODE_DEBUG -swift-version 6 -I /tmp/gametime-p6-20260912/DerivedData/Build/Products/Debug-iphonesimulator -Isystem /Applications/Xcode-beta.app/Contents/Developer/Platforms/iPhoneSimulator.platform/Developer/usr/lib -F /tmp/gametime-p6-20260912/DerivedData/Build/Products/Debug-iphonesimulator/PackageFrameworks -F /tmp/gametime-p6-20260912/DerivedData/Build/Products/Debug-iphonesimulator -F /Applications/Xcode-beta.app/Contents/Developer/Platforms/iPhoneSimulator.platform/Developer/Library/Frameworks -F /Applications/Xcode-beta.app/Contents/Developer/Platforms/iPhoneSimulator.platform/Developer/SDKs/iPhoneSimulator27.0.sdk/Developer/Library/Frameworks -c -j10 -enable-batch-mode -incremental -Xcc -ivfsstatcache -Xcc /tmp/gametime-p6-20260912/DerivedData/SDKStatCaches.noindex/iphonesimulator27.0-24A5408c-3243818bda632a4370e1cc7a9fd181c5.sdkstatcache -output-file-map /tmp/gametime-p6-20260912/DerivedData/Build/Intermediates.noindex/GameTime.build/Debug-iphonesimulator/GameTimeTests.build/Objects-normal/arm64/GameTimeTests-OutputFileMap.json -save-temps -no-color-diagnostics -explicit-module-build -module-cache-path /tmp/gametime-p6-20260912/DerivedData/Build/Intermediates.noindex/SwiftExplicitPrecompiledModules -clang-scanner-module-cache-path /tmp/gametime-p6-20260912/DerivedData/ModuleCache.noindex -sdk-module-cache-path /tmp/gametime-p6-20260912/DerivedData/SDKExplicitPrecompiledModules -emit-dependencies -emit-module -emit-module-path /tmp/gametime-p6-20260912/DerivedData/Build/Intermediates.noindex/GameTime.build/Debug-iphonesimulator/GameTimeTests.build/Objects-normal/arm64/GameTimeTests.swiftmodule -serialize-diagnostics -dependency-scan-serialize-diagnostics-path /tmp/gametime-p6-20260912/DerivedData/Build/Intermediates.noindex/GameTime.build/Debug-iphonesimulator/GameTimeTests.build/Objects-normal/arm64/GameTimeTests-dependency-scan.dia -validate-clang-modules-once -clang-build-session-file /tmp/gametime-p6-20260912/DerivedData/ModuleCache.noindex/Session.modulevalidation -Xcc -fmodules-prune-interval\=86400 -Xcc -fmodules-prune-after\=345600 -emit-const-values -const-gather-protocols-list /tmp/gametime-p6-20260912/DerivedData/Build/Intermediates.noindex/GameTime.build/Debug-iphonesimulator/GameTimeTests.build/Objects-normal/arm64/GameTimeTests_const_extract_protocols.json -Xcc -iquote -Xcc /tmp/gametime-p6-20260912/DerivedData/Build/Intermediates.noindex/GameTime.build/Debug-iphonesimulator/GameTimeTests.build/GameTimeTests-generated-files.hmap -Xcc -I/tmp/gametime-p6-20260912/DerivedData/Build/Intermediates.noindex/GameTime.build/Debug-iphonesimulator/GameTimeTests.build/GameTimeTests-own-target-headers.hmap -Xcc -I/tmp/gametime-p6-20260912/DerivedData/Build/Intermediates.noindex/GameTime.build/Debug-iphonesimulator/GameTimeTests.build/GameTimeTests-all-non-framework-target-headers.hmap -Xcc -ivfsoverlay -Xcc /tmp/gametime-p6-20260912/DerivedData/Build/Intermediates.noindex/GameTime.build/Debug-iphonesimulator/GameTime-e7e15e2ffefd3774fc81649571617556-VFS-iphonesimulator/all-product-headers.yaml -Xcc -iquote -Xcc /tmp/gametime-p6-20260912/DerivedData/Build/Intermediates.noindex/GameTime.build/Debug-iphonesimulator/GameTimeTests.build/GameTimeTests-project-headers.hmap -Xcc -I/tmp/gametime-p6-20260912/DerivedData/SourcePackages/checkouts/stripe-ios-spm/Stripe3DS2/Stripe3DS2/include -Xcc -I/tmp/gametime-p6-20260912/DerivedData/Build/Products/Debug-iphonesimulator/include -Xcc -I/tmp/gametime-p6-20260912/DerivedData/Build/Intermediates.noindex/GameTime.build/Debug-iphonesimulator/GameTimeTests.build/DerivedSources-normal/arm64 -Xcc -I/tmp/gametime-p6-20260912/DerivedData/Build/Intermediates.noindex/GameTime.build/Debug-iphonesimulator/GameTimeTests.build/DerivedSources/arm64 -Xcc -I/tmp/gametime-p6-20260912/DerivedData/Build/Intermediates.noindex/GameTime.build/Debug-iphonesimulator/GameTimeTests.build/DerivedSources -Xcc -DDEBUG\=1 -emit-objc-header -emit-objc-header-path /tmp/gametime-p6-20260912/DerivedData/Build/Intermediates.noindex/GameTime.build/Debug-iphonesimulator/GameTimeTests.build/Objects-normal/arm64/GameTimeTests-Swift.h -working-directory /tmp/gametime-p6-20260912/GameTime/ios/GameTime -experimental-emit-module-separately -disable-cmo

Copy /tmp/gametime-p6-20260912/DerivedData/Build/Products/Debug-iphonesimulator/GameTime.app/swift-crypto_Crypto.bundle /tmp/gametime-p6-20260912/DerivedData/Build/Products/Debug-iphonesimulator/swift-crypto_Crypto.bundle (in target 'GameTime' from project 'GameTime')
    cd /tmp/gametime-p6-20260912/GameTime/ios/GameTime
    builtin-copy -exclude .DS_Store -exclude CVS -exclude .svn -exclude .git -exclude .hg -resolve-src-symlinks /tmp/gametime-p6-20260912/DerivedData/Build/Products/Debug-iphonesimulator/swift-crypto_Crypto.bundle /tmp/gametime-p6-20260912/DerivedData/Build/Products/Debug-iphonesimulator/GameTime.app

Copy /tmp/gametime-p6-20260912/DerivedData/Build/Products/Debug-iphonesimulator/GameTime.app/Stripe_StripeUICore.bundle /tmp/gametime-p6-20260912/DerivedData/Build/Products/Debug-iphonesimulator/Stripe_StripeUICore.bundle (in target 'GameTime' from project 'GameTime')
    cd /tmp/gametime-p6-20260912/GameTime/ios/GameTime
    builtin-copy -exclude .DS_Store -exclude CVS -exclude .svn -exclude .git -exclude .hg -resolve-src-symlinks /tmp/gametime-p6-20260912/DerivedData/Build/Products/Debug-iphonesimulator/Stripe_StripeUICore.bundle /tmp/gametime-p6-20260912/DerivedData/Build/Products/Debug-iphonesimulator/GameTime.app

Copy /tmp/gametime-p6-20260912/DerivedData/Build/Products/Debug-iphonesimulator/GameTime.app/Stripe_StripePayments.bundle /tmp/gametime-p6-20260912/DerivedData/Build/Products/Debug-iphonesimulator/Stripe_StripePayments.bundle (in target 'GameTime' from project 'GameTime')
    cd /tmp/gametime-p6-20260912/GameTime/ios/GameTime
    builtin-copy -exclude .DS_Store -exclude CVS -exclude .svn -exclude .git -exclude .hg -resolve-src-symlinks /tmp/gametime-p6-20260912/DerivedData/Build/Products/Debug-iphonesimulator/Stripe_StripePayments.bundle /tmp/gametime-p6-20260912/DerivedData/Build/Products/Debug-iphonesimulator/GameTime.app

Copy /tmp/gametime-p6-20260912/DerivedData/Build/Products/Debug-iphonesimulator/GameTime.app/Stripe_StripePaymentSheet.bundle /tmp/gametime-p6-20260912/DerivedData/Build/Products/Debug-iphonesimulator/Stripe_StripePaymentSheet.bundle (in target 'GameTime' from project 'GameTime')
    cd /tmp/gametime-p6-20260912/GameTime/ios/GameTime
    builtin-copy -exclude .DS_Store -exclude CVS -exclude .svn -exclude .git -exclude .hg -resolve-src-symlinks /tmp/gametime-p6-20260912/DerivedData/Build/Products/Debug-iphonesimulator/Stripe_StripePaymentSheet.bundle /tmp/gametime-p6-20260912/DerivedData/Build/Products/Debug-iphonesimulator/GameTime.app

Copy /tmp/gametime-p6-20260912/DerivedData/Build/Products/Debug-iphonesimulator/GameTime.app/Stripe_StripeCore.bundle /tmp/gametime-p6-20260912/DerivedData/Build/Products/Debug-iphonesimulator/Stripe_StripeCore.bundle (in target 'GameTime' from project 'GameTime')
    cd /tmp/gametime-p6-20260912/GameTime/ios/GameTime
    builtin-copy -exclude .DS_Store -exclude CVS -exclude .svn -exclude .git -exclude .hg -resolve-src-symlinks /tmp/gametime-p6-20260912/DerivedData/Build/Products/Debug-iphonesimulator/Stripe_StripeCore.bundle /tmp/gametime-p6-20260912/DerivedData/Build/Products/Debug-iphonesimulator/GameTime.app

Copy /tmp/gametime-p6-20260912/DerivedData/Build/Products/Debug-iphonesimulator/GameTime.app/Stripe_StripePaymentsUI.bundle /tmp/gametime-p6-20260912/DerivedData/Build/Products/Debug-iphonesimulator/Stripe_StripePaymentsUI.bundle (in target 'GameTime' from project 'GameTime')
    cd /tmp/gametime-p6-20260912/GameTime/ios/GameTime
    builtin-copy -exclude .DS_Store -exclude CVS -exclude .svn -exclude .git -exclude .hg -resolve-src-symlinks /tmp/gametime-p6-20260912/DerivedData/Build/Products/Debug-iphonesimulator/Stripe_StripePaymentsUI.bundle /tmp/gametime-p6-20260912/DerivedData/Build/Products/Debug-iphonesimulator/GameTime.app

Copy /tmp/gametime-p6-20260912/DerivedData/Build/Products/Debug-iphonesimulator/GameTime.app/Stripe_Stripe3DS2.bundle /tmp/gametime-p6-20260912/DerivedData/Build/Products/Debug-iphonesimulator/Stripe_Stripe3DS2.bundle (in target 'GameTime' from project 'GameTime')
    cd /tmp/gametime-p6-20260912/GameTime/ios/GameTime
    builtin-copy -exclude .DS_Store -exclude CVS -exclude .svn -exclude .git -exclude .hg -resolve-src-symlinks /tmp/gametime-p6-20260912/DerivedData/Build/Products/Debug-iphonesimulator/Stripe_Stripe3DS2.bundle /tmp/gametime-p6-20260912/DerivedData/Build/Products/Debug-iphonesimulator/GameTime.app

ProcessInfoPlistFile /tmp/gametime-p6-20260912/DerivedData/Build/Products/Debug-iphonesimulator/GameTime.app/Info.plist /tmp/gametime-p6-20260912/GameTime/ios/GameTime/Configuration/DebugAppInfo.plist (in target 'GameTime' from project 'GameTime')
    cd /tmp/gametime-p6-20260912/GameTime/ios/GameTime
    builtin-infoPlistUtility /tmp/gametime-p6-20260912/GameTime/ios/GameTime/Configuration/DebugAppInfo.plist -producttype com.apple.product-type.application -genpkginfo /tmp/gametime-p6-20260912/DerivedData/Build/Products/Debug-iphonesimulator/GameTime.app/PkgInfo -expandbuildsettings -format binary -platform iphonesimulator -additionalcontentfile /tmp/gametime-p6-20260912/DerivedData/Build/Intermediates.noindex/GameTime.build/Debug-iphonesimulator/GameTime.build/assetcatalog_generated_info.plist -scanforprivacyfile /tmp/gametime-p6-20260912/DerivedData/Build/Products/Debug-iphonesimulator/GameTime.app/Stripe_Stripe3DS2.bundle -scanforprivacyfile /tmp/gametime-p6-20260912/DerivedData/Build/Products/Debug-iphonesimulator/GameTime.app/Stripe_StripeCore.bundle -scanforprivacyfile /tmp/gametime-p6-20260912/DerivedData/Build/Products/Debug-iphonesimulator/GameTime.app/Stripe_StripePaymentSheet.bundle -scanforprivacyfile /tmp/gametime-p6-20260912/DerivedData/Build/Products/Debug-iphonesimulator/GameTime.app/Stripe_StripePayments.bundle -scanforprivacyfile /tmp/gametime-p6-20260912/DerivedData/Build/Products/Debug-iphonesimulator/GameTime.app/Stripe_StripePaymentsUI.bundle -scanforprivacyfile /tmp/gametime-p6-20260912/DerivedData/Build/Products/Debug-iphonesimulator/GameTime.app/Stripe_StripeUICore.bundle -scanforprivacyfile /tmp/gametime-p6-20260912/DerivedData/Build/Products/Debug-iphonesimulator/GameTime.app/swift-crypto_Crypto.bundle -o /tmp/gametime-p6-20260912/DerivedData/Build/Products/Debug-iphonesimulator/GameTime.app/Info.plist

CopySwiftLibs /tmp/gametime-p6-20260912/DerivedData/Build/Products/Debug-iphonesimulator/GameTime.app (in target 'GameTime' from project 'GameTime')
    cd /tmp/gametime-p6-20260912/GameTime/ios/GameTime
    builtin-swiftStdLibTool --copy --verbose --scan-executable /tmp/gametime-p6-20260912/DerivedData/Build/Products/Debug-iphonesimulator/GameTime.app/GameTime.debug.dylib --scan-folder /tmp/gametime-p6-20260912/DerivedData/Build/Products/Debug-iphonesimulator/GameTime.app/Frameworks --scan-folder /tmp/gametime-p6-20260912/DerivedData/Build/Products/Debug-iphonesimulator/GameTime.app/PlugIns --scan-folder /tmp/gametime-p6-20260912/DerivedData/Build/Products/Debug-iphonesimulator/GameTime.app/SystemExtensions --scan-folder /tmp/gametime-p6-20260912/DerivedData/Build/Products/Debug-iphonesimulator/GameTime.app/Extensions --platform iphonesimulator --toolchain /Applications/Xcode-beta.app/Contents/Developer/Toolchains/XcodeDefault.xctoolchain --destination /tmp/gametime-p6-20260912/DerivedData/Build/Products/Debug-iphonesimulator/GameTime.app/Frameworks --strip-bitcode --strip-bitcode-tool /Applications/Xcode-beta.app/Contents/Developer/Toolchains/XcodeDefault.xctoolchain/usr/bin/bitcode_strip --emit-dependency-info /tmp/gametime-p6-20260912/DerivedData/Build/Intermediates.noindex/GameTime.build/Debug-iphonesimulator/GameTime.build/SwiftStdLibToolInputDependencies.dep --filter-for-swift-os
Ignoring --strip-bitcode because --sign was not passed

Copy /tmp/gametime-p6-20260912/DerivedData/Build/Products/Debug-iphonesimulator/GameTime.app/PlugIns/GameTimeTests.xctest/Stripe_StripePaymentSheet.bundle /tmp/gametime-p6-20260912/DerivedData/Build/Products/Debug-iphonesimulator/Stripe_StripePaymentSheet.bundle (in target 'GameTimeTests' from project 'GameTime')
    cd /tmp/gametime-p6-20260912/GameTime/ios/GameTime
    builtin-copy -exclude .DS_Store -exclude CVS -exclude .svn -exclude .git -exclude .hg -resolve-src-symlinks /tmp/gametime-p6-20260912/DerivedData/Build/Products/Debug-iphonesimulator/Stripe_StripePaymentSheet.bundle /tmp/gametime-p6-20260912/DerivedData/Build/Products/Debug-iphonesimulator/GameTime.app/PlugIns/GameTimeTests.xctest

Copy /tmp/gametime-p6-20260912/DerivedData/Build/Products/Debug-iphonesimulator/GameTime.app/PlugIns/GameTimeTests.xctest/Stripe_StripePaymentsUI.bundle /tmp/gametime-p6-20260912/DerivedData/Build/Products/Debug-iphonesimulator/Stripe_StripePaymentsUI.bundle (in target 'GameTimeTests' from project 'GameTime')
    cd /tmp/gametime-p6-20260912/GameTime/ios/GameTime
    builtin-copy -exclude .DS_Store -exclude CVS -exclude .svn -exclude .git -exclude .hg -resolve-src-symlinks /tmp/gametime-p6-20260912/DerivedData/Build/Products/Debug-iphonesimulator/Stripe_StripePaymentsUI.bundle /tmp/gametime-p6-20260912/DerivedData/Build/Products/Debug-iphonesimulator/GameTime.app/PlugIns/GameTimeTests.xctest

Copy /tmp/gametime-p6-20260912/DerivedData/Build/Products/Debug-iphonesimulator/GameTime.app/PlugIns/GameTimeTests.xctest/swift-crypto_Crypto.bundle /tmp/gametime-p6-20260912/DerivedData/Build/Products/Debug-iphonesimulator/swift-crypto_Crypto.bundle (in target 'GameTimeTests' from project 'GameTime')
    cd /tmp/gametime-p6-20260912/GameTime/ios/GameTime
    builtin-copy -exclude .DS_Store -exclude CVS -exclude .svn -exclude .git -exclude .hg -resolve-src-symlinks /tmp/gametime-p6-20260912/DerivedData/Build/Products/Debug-iphonesimulator/swift-crypto_Crypto.bundle /tmp/gametime-p6-20260912/DerivedData/Build/Products/Debug-iphonesimulator/GameTime.app/PlugIns/GameTimeTests.xctest

Copy /tmp/gametime-p6-20260912/DerivedData/Build/Products/Debug-iphonesimulator/GameTime.app/PlugIns/GameTimeTests.xctest/Stripe_StripeUICore.bundle /tmp/gametime-p6-20260912/DerivedData/Build/Products/Debug-iphonesimulator/Stripe_StripeUICore.bundle (in target 'GameTimeTests' from project 'GameTime')
    cd /tmp/gametime-p6-20260912/GameTime/ios/GameTime
    builtin-copy -exclude .DS_Store -exclude CVS -exclude .svn -exclude .git -exclude .hg -resolve-src-symlinks /tmp/gametime-p6-20260912/DerivedData/Build/Products/Debug-iphonesimulator/Stripe_StripeUICore.bundle /tmp/gametime-p6-20260912/DerivedData/Build/Products/Debug-iphonesimulator/GameTime.app/PlugIns/GameTimeTests.xctest

Copy /tmp/gametime-p6-20260912/DerivedData/Build/Products/Debug-iphonesimulator/GameTime.app/PlugIns/GameTimeTests.xctest/Stripe_StripePayments.bundle /tmp/gametime-p6-20260912/DerivedData/Build/Products/Debug-iphonesimulator/Stripe_StripePayments.bundle (in target 'GameTimeTests' from project 'GameTime')
    cd /tmp/gametime-p6-20260912/GameTime/ios/GameTime
    builtin-copy -exclude .DS_Store -exclude CVS -exclude .svn -exclude .git -exclude .hg -resolve-src-symlinks /tmp/gametime-p6-20260912/DerivedData/Build/Products/Debug-iphonesimulator/Stripe_StripePayments.bundle /tmp/gametime-p6-20260912/DerivedData/Build/Products/Debug-iphonesimulator/GameTime.app/PlugIns/GameTimeTests.xctest

Copy /tmp/gametime-p6-20260912/DerivedData/Build/Products/Debug-iphonesimulator/GameTime.app/PlugIns/GameTimeTests.xctest/Stripe_StripeCore.bundle /tmp/gametime-p6-20260912/DerivedData/Build/Products/Debug-iphonesimulator/Stripe_StripeCore.bundle (in target 'GameTimeTests' from project 'GameTime')
    cd /tmp/gametime-p6-20260912/GameTime/ios/GameTime
    builtin-copy -exclude .DS_Store -exclude CVS -exclude .svn -exclude .git -exclude .hg -resolve-src-symlinks /tmp/gametime-p6-20260912/DerivedData/Build/Products/Debug-iphonesimulator/Stripe_StripeCore.bundle /tmp/gametime-p6-20260912/DerivedData/Build/Products/Debug-iphonesimulator/GameTime.app/PlugIns/GameTimeTests.xctest

Copy /tmp/gametime-p6-20260912/DerivedData/Build/Products/Debug-iphonesimulator/GameTime.app/PlugIns/GameTimeTests.xctest/Stripe_Stripe3DS2.bundle /tmp/gametime-p6-20260912/DerivedData/Build/Products/Debug-iphonesimulator/Stripe_Stripe3DS2.bundle (in target 'GameTimeTests' from project 'GameTime')
    cd /tmp/gametime-p6-20260912/GameTime/ios/GameTime
    builtin-copy -exclude .DS_Store -exclude CVS -exclude .svn -exclude .git -exclude .hg -resolve-src-symlinks /tmp/gametime-p6-20260912/DerivedData/Build/Products/Debug-iphonesimulator/Stripe_Stripe3DS2.bundle /tmp/gametime-p6-20260912/DerivedData/Build/Products/Debug-iphonesimulator/GameTime.app/PlugIns/GameTimeTests.xctest

ProcessInfoPlistFile /tmp/gametime-p6-20260912/DerivedData/Build/Products/Debug-iphonesimulator/GameTime.app/PlugIns/GameTimeTests.xctest/Info.plist /tmp/gametime-p6-20260912/DerivedData/Build/Intermediates.noindex/GameTime.build/Debug-iphonesimulator/GameTimeTests.build/empty-GameTimeTests.plist (in target 'GameTimeTests' from project 'GameTime')
    cd /tmp/gametime-p6-20260912/GameTime/ios/GameTime
    builtin-infoPlistUtility /tmp/gametime-p6-20260912/DerivedData/Build/Intermediates.noindex/GameTime.build/Debug-iphonesimulator/GameTimeTests.build/empty-GameTimeTests.plist -producttype com.apple.product-type.bundle.unit-test -expandbuildsettings -format binary -platform iphonesimulator -scanforprivacyfile /tmp/gametime-p6-20260912/DerivedData/Build/Products/Debug-iphonesimulator/GameTime.app/PlugIns/GameTimeTests.xctest/Stripe_Stripe3DS2.bundle -scanforprivacyfile /tmp/gametime-p6-20260912/DerivedData/Build/Products/Debug-iphonesimulator/GameTime.app/PlugIns/GameTimeTests.xctest/Stripe_StripeCore.bundle -scanforprivacyfile /tmp/gametime-p6-20260912/DerivedData/Build/Products/Debug-iphonesimulator/GameTime.app/PlugIns/GameTimeTests.xctest/Stripe_StripePaymentSheet.bundle -scanforprivacyfile /tmp/gametime-p6-20260912/DerivedData/Build/Products/Debug-iphonesimulator/GameTime.app/PlugIns/GameTimeTests.xctest/Stripe_StripePayments.bundle -scanforprivacyfile /tmp/gametime-p6-20260912/DerivedData/Build/Products/Debug-iphonesimulator/GameTime.app/PlugIns/GameTimeTests.xctest/Stripe_StripePaymentsUI.bundle -scanforprivacyfile /tmp/gametime-p6-20260912/DerivedData/Build/Products/Debug-iphonesimulator/GameTime.app/PlugIns/GameTimeTests.xctest/Stripe_StripeUICore.bundle -scanforprivacyfile /tmp/gametime-p6-20260912/DerivedData/Build/Products/Debug-iphonesimulator/GameTime.app/PlugIns/GameTimeTests.xctest/swift-crypto_Crypto.bundle -o /tmp/gametime-p6-20260912/DerivedData/Build/Products/Debug-iphonesimulator/GameTime.app/PlugIns/GameTimeTests.xctest/Info.plist

SwiftEmitModule normal arm64 Emitting\ module\ for\ GameTimeTests (in target 'GameTimeTests' from project 'GameTime')

SwiftCompile normal arm64 (in target 'GameTimeTests' from project 'GameTime')
    cd /tmp/gametime-p6-20260912/GameTime/ios/GameTime


SwiftCompile normal arm64 Compiling\ CobaltRenderedTests.swift /tmp/gametime-p6-20260912/GameTime/ios/GameTime/GameTimeTests/CobaltRenderedTests.swift (in target 'GameTimeTests' from project 'GameTime')

SwiftCompile normal arm64 /tmp/gametime-p6-20260912/GameTime/ios/GameTime/GameTimeTests/CobaltRenderedTests.swift (in target 'GameTimeTests' from project 'GameTime')
    cd /tmp/gametime-p6-20260912/GameTime/ios/GameTime
    builtin-SwiftPerFileCompile CobaltRenderedTests.swift

SwiftDriverJobDiscovery normal arm64 Compiling CobaltRenderedTests.swift (in target 'GameTimeTests' from project 'GameTime')

SwiftDriverJobDiscovery normal arm64 Emitting module for GameTimeTests (in target 'GameTimeTests' from project 'GameTime')

SwiftDriver\ Compilation\ Requirements GameTimeTests normal arm64 com.apple.xcode.tools.swift.compiler (in target 'GameTimeTests' from project 'GameTime')
    cd /tmp/gametime-p6-20260912/GameTime/ios/GameTime
    builtin-Swift-Compilation-Requirements -- /Applications/Xcode-beta.app/Contents/Developer/Toolchains/XcodeDefault.xctoolchain/usr/bin/swiftc -module-name GameTimeTests -Onone @/tmp/gametime-p6-20260912/DerivedData/Build/Intermediates.noindex/GameTime.build/Debug-iphonesimulator/GameTimeTests.build/Objects-normal/arm64/GameTimeTests.SwiftFileList -DDEBUG -Xcc -fmodule-map-file\=/tmp/gametime-p6-20260912/DerivedData/Build/Intermediates.noindex/GeneratedModuleMaps-iphonesimulator/Stripe3DS2.modulemap -plugin-path /Applications/Xcode-beta.app/Contents/Developer/Toolchains/XcodeDefault.xctoolchain/usr/lib/swift/host/plugins/testing -enable-experimental-feature DebugDescriptionMacro -sdk /Applications/Xcode-beta.app/Contents/Developer/Platforms/iPhoneSimulator.platform/Developer/SDKs/iPhoneSimulator27.0.sdk -target arm64-apple-ios18.0-simulator -g -module-cache-path /tmp/gametime-p6-20260912/DerivedData/ModuleCache.noindex -Xfrontend -serialize-debugging-options -profile-coverage-mapping -profile-generate -enable-testing -index-store-path /tmp/gametime-p6-20260912/DerivedData/Index.noindex/DataStore -Xcc -D_LIBCPP_HARDENING_MODE\=_LIBCPP_HARDENING_MODE_DEBUG -swift-version 6 -I /tmp/gametime-p6-20260912/DerivedData/Build/Products/Debug-iphonesimulator -Isystem /Applications/Xcode-beta.app/Contents/Developer/Platforms/iPhoneSimulator.platform/Developer/usr/lib -F /tmp/gametime-p6-20260912/DerivedData/Build/Products/Debug-iphonesimulator/PackageFrameworks -F /tmp/gametime-p6-20260912/DerivedData/Build/Products/Debug-iphonesimulator -F /Applications/Xcode-beta.app/Contents/Developer/Platforms/iPhoneSimulator.platform/Developer/Library/Frameworks -F /Applications/Xcode-beta.app/Contents/Developer/Platforms/iPhoneSimulator.platform/Developer/SDKs/iPhoneSimulator27.0.sdk/Developer/Library/Frameworks -c -j10 -enable-batch-mode -incremental -Xcc -ivfsstatcache -Xcc /tmp/gametime-p6-20260912/DerivedData/SDKStatCaches.noindex/iphonesimulator27.0-24A5408c-3243818bda632a4370e1cc7a9fd181c5.sdkstatcache -output-file-map /tmp/gametime-p6-20260912/DerivedData/Build/Intermediates.noindex/GameTime.build/Debug-iphonesimulator/GameTimeTests.build/Objects-normal/arm64/GameTimeTests-OutputFileMap.json -save-temps -no-color-diagnostics -explicit-module-build -module-cache-path /tmp/gametime-p6-20260912/DerivedData/Build/Intermediates.noindex/SwiftExplicitPrecompiledModules -clang-scanner-module-cache-path /tmp/gametime-p6-20260912/DerivedData/ModuleCache.noindex -sdk-module-cache-path /tmp/gametime-p6-20260912/DerivedData/SDKExplicitPrecompiledModules -emit-dependencies -emit-module -emit-module-path /tmp/gametime-p6-20260912/DerivedData/Build/Intermediates.noindex/GameTime.build/Debug-iphonesimulator/GameTimeTests.build/Objects-normal/arm64/GameTimeTests.swiftmodule -serialize-diagnostics -dependency-scan-serialize-diagnostics-path /tmp/gametime-p6-20260912/DerivedData/Build/Intermediates.noindex/GameTime.build/Debug-iphonesimulator/GameTimeTests.build/Objects-normal/arm64/GameTimeTests-dependency-scan.dia -validate-clang-modules-once -clang-build-session-file /tmp/gametime-p6-20260912/DerivedData/ModuleCache.noindex/Session.modulevalidation -Xcc -fmodules-prune-interval\=86400 -Xcc -fmodules-prune-after\=345600 -emit-const-values -const-gather-protocols-list /tmp/gametime-p6-20260912/DerivedData/Build/Intermediates.noindex/GameTime.build/Debug-iphonesimulator/GameTimeTests.build/Objects-normal/arm64/GameTimeTests_const_extract_protocols.json -Xcc -iquote -Xcc /tmp/gametime-p6-20260912/DerivedData/Build/Intermediates.noindex/GameTime.build/Debug-iphonesimulator/GameTimeTests.build/GameTimeTests-generated-files.hmap -Xcc -I/tmp/gametime-p6-20260912/DerivedData/Build/Intermediates.noindex/GameTime.build/Debug-iphonesimulator/GameTimeTests.build/GameTimeTests-own-target-headers.hmap -Xcc -I/tmp/gametime-p6-20260912/DerivedData/Build/Intermediates.noindex/GameTime.build/Debug-iphonesimulator/GameTimeTests.build/GameTimeTests-all-non-framework-target-headers.hmap -Xcc -ivfsoverlay -Xcc /tmp/gametime-p6-20260912/DerivedData/Build/Intermediates.noindex/GameTime.build/Debug-iphonesimulator/GameTime-e7e15e2ffefd3774fc81649571617556-VFS-iphonesimulator/all-product-headers.yaml -Xcc -iquote -Xcc /tmp/gametime-p6-20260912/DerivedData/Build/Intermediates.noindex/GameTime.build/Debug-iphonesimulator/GameTimeTests.build/GameTimeTests-project-headers.hmap -Xcc -I/tmp/gametime-p6-20260912/DerivedData/SourcePackages/checkouts/stripe-ios-spm/Stripe3DS2/Stripe3DS2/include -Xcc -I/tmp/gametime-p6-20260912/DerivedData/Build/Products/Debug-iphonesimulator/include -Xcc -I/tmp/gametime-p6-20260912/DerivedData/Build/Intermediates.noindex/GameTime.build/Debug-iphonesimulator/GameTimeTests.build/DerivedSources-normal/arm64 -Xcc -I/tmp/gametime-p6-20260912/DerivedData/Build/Intermediates.noindex/GameTime.build/Debug-iphonesimulator/GameTimeTests.build/DerivedSources/arm64 -Xcc -I/tmp/gametime-p6-20260912/DerivedData/Build/Intermediates.noindex/GameTime.build/Debug-iphonesimulator/GameTimeTests.build/DerivedSources -Xcc -DDEBUG\=1 -emit-objc-header -emit-objc-header-path /tmp/gametime-p6-20260912/DerivedData/Build/Intermediates.noindex/GameTime.build/Debug-iphonesimulator/GameTimeTests.build/Objects-normal/arm64/GameTimeTests-Swift.h -working-directory /tmp/gametime-p6-20260912/GameTime/ios/GameTime -experimental-emit-module-separately -disable-cmo

SwiftDriver\ Compilation GameTimeTests normal arm64 com.apple.xcode.tools.swift.compiler (in target 'GameTimeTests' from project 'GameTime')
    cd /tmp/gametime-p6-20260912/GameTime/ios/GameTime
    builtin-Swift-Compilation -- /Applications/Xcode-beta.app/Contents/Developer/Toolchains/XcodeDefault.xctoolchain/usr/bin/swiftc -module-name GameTimeTests -Onone @/tmp/gametime-p6-20260912/DerivedData/Build/Intermediates.noindex/GameTime.build/Debug-iphonesimulator/GameTimeTests.build/Objects-normal/arm64/GameTimeTests.SwiftFileList -DDEBUG -Xcc -fmodule-map-file\=/tmp/gametime-p6-20260912/DerivedData/Build/Intermediates.noindex/GeneratedModuleMaps-iphonesimulator/Stripe3DS2.modulemap -plugin-path /Applications/Xcode-beta.app/Contents/Developer/Toolchains/XcodeDefault.xctoolchain/usr/lib/swift/host/plugins/testing -enable-experimental-feature DebugDescriptionMacro -sdk /Applications/Xcode-beta.app/Contents/Developer/Platforms/iPhoneSimulator.platform/Developer/SDKs/iPhoneSimulator27.0.sdk -target arm64-apple-ios18.0-simulator -g -module-cache-path /tmp/gametime-p6-20260912/DerivedData/ModuleCache.noindex -Xfrontend -serialize-debugging-options -profile-coverage-mapping -profile-generate -enable-testing -index-store-path /tmp/gametime-p6-20260912/DerivedData/Index.noindex/DataStore -Xcc -D_LIBCPP_HARDENING_MODE\=_LIBCPP_HARDENING_MODE_DEBUG -swift-version 6 -I /tmp/gametime-p6-20260912/DerivedData/Build/Products/Debug-iphonesimulator -Isystem /Applications/Xcode-beta.app/Contents/Developer/Platforms/iPhoneSimulator.platform/Developer/usr/lib -F /tmp/gametime-p6-20260912/DerivedData/Build/Products/Debug-iphonesimulator/PackageFrameworks -F /tmp/gametime-p6-20260912/DerivedData/Build/Products/Debug-iphonesimulator -F /Applications/Xcode-beta.app/Contents/Developer/Platforms/iPhoneSimulator.platform/Developer/Library/Frameworks -F /Applications/Xcode-beta.app/Contents/Developer/Platforms/iPhoneSimulator.platform/Developer/SDKs/iPhoneSimulator27.0.sdk/Developer/Library/Frameworks -c -j10 -enable-batch-mode -incremental -Xcc -ivfsstatcache -Xcc /tmp/gametime-p6-20260912/DerivedData/SDKStatCaches.noindex/iphonesimulator27.0-24A5408c-3243818bda632a4370e1cc7a9fd181c5.sdkstatcache -output-file-map /tmp/gametime-p6-20260912/DerivedData/Build/Intermediates.noindex/GameTime.build/Debug-iphonesimulator/GameTimeTests.build/Objects-normal/arm64/GameTimeTests-OutputFileMap.json -save-temps -no-color-diagnostics -explicit-module-build -module-cache-path /tmp/gametime-p6-20260912/DerivedData/Build/Intermediates.noindex/SwiftExplicitPrecompiledModules -clang-scanner-module-cache-path /tmp/gametime-p6-20260912/DerivedData/ModuleCache.noindex -sdk-module-cache-path /tmp/gametime-p6-20260912/DerivedData/SDKExplicitPrecompiledModules -emit-dependencies -emit-module -emit-module-path /tmp/gametime-p6-20260912/DerivedData/Build/Intermediates.noindex/GameTime.build/Debug-iphonesimulator/GameTimeTests.build/Objects-normal/arm64/GameTimeTests.swiftmodule -serialize-diagnostics -dependency-scan-serialize-diagnostics-path /tmp/gametime-p6-20260912/DerivedData/Build/Intermediates.noindex/GameTime.build/Debug-iphonesimulator/GameTimeTests.build/Objects-normal/arm64/GameTimeTests-dependency-scan.dia -validate-clang-modules-once -clang-build-session-file /tmp/gametime-p6-20260912/DerivedData/ModuleCache.noindex/Session.modulevalidation -Xcc -fmodules-prune-interval\=86400 -Xcc -fmodules-prune-after\=345600 -emit-const-values -const-gather-protocols-list /tmp/gametime-p6-20260912/DerivedData/Build/Intermediates.noindex/GameTime.build/Debug-iphonesimulator/GameTimeTests.build/Objects-normal/arm64/GameTimeTests_const_extract_protocols.json -Xcc -iquote -Xcc /tmp/gametime-p6-20260912/DerivedData/Build/Intermediates.noindex/GameTime.build/Debug-iphonesimulator/GameTimeTests.build/GameTimeTests-generated-files.hmap -Xcc -I/tmp/gametime-p6-20260912/DerivedData/Build/Intermediates.noindex/GameTime.build/Debug-iphonesimulator/GameTimeTests.build/GameTimeTests-own-target-headers.hmap -Xcc -I/tmp/gametime-p6-20260912/DerivedData/Build/Intermediates.noindex/GameTime.build/Debug-iphonesimulator/GameTimeTests.build/GameTimeTests-all-non-framework-target-headers.hmap -Xcc -ivfsoverlay -Xcc /tmp/gametime-p6-20260912/DerivedData/Build/Intermediates.noindex/GameTime.build/Debug-iphonesimulator/GameTime-e7e15e2ffefd3774fc81649571617556-VFS-iphonesimulator/all-product-headers.yaml -Xcc -iquote -Xcc /tmp/gametime-p6-20260912/DerivedData/Build/Intermediates.noindex/GameTime.build/Debug-iphonesimulator/GameTimeTests.build/GameTimeTests-project-headers.hmap -Xcc -I/tmp/gametime-p6-20260912/DerivedData/SourcePackages/checkouts/stripe-ios-spm/Stripe3DS2/Stripe3DS2/include -Xcc -I/tmp/gametime-p6-20260912/DerivedData/Build/Products/Debug-iphonesimulator/include -Xcc -I/tmp/gametime-p6-20260912/DerivedData/Build/Intermediates.noindex/GameTime.build/Debug-iphonesimulator/GameTimeTests.build/DerivedSources-normal/arm64 -Xcc -I/tmp/gametime-p6-20260912/DerivedData/Build/Intermediates.noindex/GameTime.build/Debug-iphonesimulator/GameTimeTests.build/DerivedSources/arm64 -Xcc -I/tmp/gametime-p6-20260912/DerivedData/Build/Intermediates.noindex/GameTime.build/Debug-iphonesimulator/GameTimeTests.build/DerivedSources -Xcc -DDEBUG\=1 -emit-objc-header -emit-objc-header-path /tmp/gametime-p6-20260912/DerivedData/Build/Intermediates.noindex/GameTime.build/Debug-iphonesimulator/GameTimeTests.build/Objects-normal/arm64/GameTimeTests-Swift.h -working-directory /tmp/gametime-p6-20260912/GameTime/ios/GameTime -experimental-emit-module-separately -disable-cmo

Copy /tmp/gametime-p6-20260912/DerivedData/Build/Products/Debug-iphonesimulator/GameTimeTests.swiftmodule/Project/arm64-apple-ios-simulator.swiftsourceinfo /tmp/gametime-p6-20260912/DerivedData/Build/Intermediates.noindex/GameTime.build/Debug-iphonesimulator/GameTimeTests.build/Objects-normal/arm64/GameTimeTests.swiftsourceinfo (in target 'GameTimeTests' from project 'GameTime')
    cd /tmp/gametime-p6-20260912/GameTime/ios/GameTime
    builtin-copy -exclude .DS_Store -exclude CVS -exclude .svn -exclude .git -exclude .hg -resolve-src-symlinks -rename /tmp/gametime-p6-20260912/DerivedData/Build/Intermediates.noindex/GameTime.build/Debug-iphonesimulator/GameTimeTests.build/Objects-normal/arm64/GameTimeTests.swiftsourceinfo /tmp/gametime-p6-20260912/DerivedData/Build/Products/Debug-iphonesimulator/GameTimeTests.swiftmodule/Project/arm64-apple-ios-simulator.swiftsourceinfo

Copy /tmp/gametime-p6-20260912/DerivedData/Build/Products/Debug-iphonesimulator/GameTimeTests.swiftmodule/arm64-apple-ios-simulator.swiftmodule /tmp/gametime-p6-20260912/DerivedData/Build/Intermediates.noindex/GameTime.build/Debug-iphonesimulator/GameTimeTests.build/Objects-normal/arm64/GameTimeTests.swiftmodule (in target 'GameTimeTests' from project 'GameTime')
    cd /tmp/gametime-p6-20260912/GameTime/ios/GameTime
    builtin-copy -exclude .DS_Store -exclude CVS -exclude .svn -exclude .git -exclude .hg -resolve-src-symlinks -rename /tmp/gametime-p6-20260912/DerivedData/Build/Intermediates.noindex/GameTime.build/Debug-iphonesimulator/GameTimeTests.build/Objects-normal/arm64/GameTimeTests.swiftmodule /tmp/gametime-p6-20260912/DerivedData/Build/Products/Debug-iphonesimulator/GameTimeTests.swiftmodule/arm64-apple-ios-simulator.swiftmodule

Copy /tmp/gametime-p6-20260912/DerivedData/Build/Products/Debug-iphonesimulator/GameTimeTests.swiftmodule/arm64-apple-ios-simulator.abi.json /tmp/gametime-p6-20260912/DerivedData/Build/Intermediates.noindex/GameTime.build/Debug-iphonesimulator/GameTimeTests.build/Objects-normal/arm64/GameTimeTests.abi.json (in target 'GameTimeTests' from project 'GameTime')
    cd /tmp/gametime-p6-20260912/GameTime/ios/GameTime
    builtin-copy -exclude .DS_Store -exclude CVS -exclude .svn -exclude .git -exclude .hg -resolve-src-symlinks -rename /tmp/gametime-p6-20260912/DerivedData/Build/Intermediates.noindex/GameTime.build/Debug-iphonesimulator/GameTimeTests.build/Objects-normal/arm64/GameTimeTests.abi.json /tmp/gametime-p6-20260912/DerivedData/Build/Products/Debug-iphonesimulator/GameTimeTests.swiftmodule/arm64-apple-ios-simulator.abi.json

Ld /tmp/gametime-p6-20260912/DerivedData/Build/Products/Debug-iphonesimulator/GameTime.app/PlugIns/GameTimeTests.xctest/GameTimeTests normal (in target 'GameTimeTests' from project 'GameTime')
    cd /tmp/gametime-p6-20260912/GameTime/ios/GameTime
    /Applications/Xcode-beta.app/Contents/Developer/Toolchains/XcodeDefault.xctoolchain/usr/bin/clang -Xlinker -reproducible -target arm64-apple-ios18.0-simulator -bundle -isysroot /Applications/Xcode-beta.app/Contents/Developer/Platforms/iPhoneSimulator.platform/Developer/SDKs/iPhoneSimulator27.0.sdk -O0 -Xlinker -no_warn_duplicate_libraries -L/tmp/gametime-p6-20260912/DerivedData/Build/Intermediates.noindex/EagerLinkingTBDs/Debug-iphonesimulator -L/tmp/gametime-p6-20260912/DerivedData/Build/Products/Debug-iphonesimulator -L/Applications/Xcode-beta.app/Contents/Developer/Platforms/iPhoneSimulator.platform/Developer/usr/lib -F/tmp/gametime-p6-20260912/DerivedData/Build/Intermediates.noindex/EagerLinkingTBDs/Debug-iphonesimulator -F/tmp/gametime-p6-20260912/DerivedData/Build/Products/Debug-iphonesimulator/PackageFrameworks -F/tmp/gametime-p6-20260912/DerivedData/Build/Products/Debug-iphonesimulator -iframework /Applications/Xcode-beta.app/Contents/Developer/Platforms/iPhoneSimulator.platform/Developer/Library/Frameworks -iframework /Applications/Xcode-beta.app/Contents/Developer/Platforms/iPhoneSimulator.platform/Developer/SDKs/iPhoneSimulator27.0.sdk/Developer/Library/Frameworks -filelist /tmp/gametime-p6-20260912/DerivedData/Build/Intermediates.noindex/GameTime.build/Debug-iphonesimulator/GameTimeTests.build/Objects-normal/arm64/GameTimeTests.LinkFileList -Xlinker -rpath -Xlinker /usr/lib/swift -Xlinker -rpath -Xlinker @loader_path -Xlinker -rpath -Xlinker /tmp/gametime-p6-20260912/DerivedData/Build/Products/Debug-iphonesimulator/PackageFrameworks -Xlinker -rpath -Xlinker @loader_path/Frameworks -Xlinker -rpath -Xlinker @executable_path/Frameworks -Xlinker -dead_strip -bundle_loader /tmp/gametime-p6-20260912/DerivedData/Build/Products/Debug-iphonesimulator/GameTime.app/GameTime -Xlinker -object_path_lto -Xlinker /tmp/gametime-p6-20260912/DerivedData/Build/Intermediates.noindex/GameTime.build/Debug-iphonesimulator/GameTimeTests.build/Objects-normal/arm64/GameTimeTests_lto.o -rdynamic -Xlinker -no_deduplicate -Xlinker -objc_abi_version -Xlinker 2 -Xlinker -debug_variant -Xlinker -dependency_info -Xlinker /tmp/gametime-p6-20260912/DerivedData/Build/Intermediates.noindex/GameTime.build/Debug-iphonesimulator/GameTimeTests.build/Objects-normal/arm64/GameTimeTests_dependency_info.dat -fobjc-link-runtime -fprofile-instr-generate -L/Applications/Xcode-beta.app/Contents/Developer/Toolchains/XcodeDefault.xctoolchain/usr/lib/swift/iphonesimulator -L/usr/lib/swift -Xlinker -add_ast_path -Xlinker /tmp/gametime-p6-20260912/DerivedData/Build/Intermediates.noindex/GameTime.build/Debug-iphonesimulator/GameTimeTests.build/Objects-normal/arm64/GameTimeTests.swiftmodule -Xlinker -needed_framework -Xlinker XCTest -framework XCTest -Xlinker -needed-lXCTestSwiftSupport -lXCTestSwiftSupport /tmp/gametime-p6-20260912/DerivedData/Build/Products/Debug-iphonesimulator/GameTime.app/GameTime.debug.dylib -o /tmp/gametime-p6-20260912/DerivedData/Build/Products/Debug-iphonesimulator/GameTime.app/PlugIns/GameTimeTests.xctest/GameTimeTests

ExtractAppIntentsMetadata (in target 'GameTimeTests' from project 'GameTime')
    cd /tmp/gametime-p6-20260912/GameTime/ios/GameTime
    /Applications/Xcode-beta.app/Contents/Developer/Toolchains/XcodeDefault.xctoolchain/usr/bin/appintentsmetadataprocessor --toolchain-dir /Applications/Xcode-beta.app/Contents/Developer/Toolchains/XcodeDefault.xctoolchain --module-name GameTimeTests --sdk-root /Applications/Xcode-beta.app/Contents/Developer/Platforms/iPhoneSimulator.platform/Developer/SDKs/iPhoneSimulator27.0.sdk --xcode-version 27A5237l --platform-family iOS --deployment-target 18.0 --bundle-identifier com.mjenkins.gametime.tests --output /tmp/gametime-p6-20260912/DerivedData/Build/Products/Debug-iphonesimulator/GameTime.app/PlugIns/GameTimeTests.xctest --target-triple arm64-apple-ios18.0-simulator --binary-file /tmp/gametime-p6-20260912/DerivedData/Build/Products/Debug-iphonesimulator/GameTime.app/PlugIns/GameTimeTests.xctest/GameTimeTests --dependency-file /tmp/gametime-p6-20260912/DerivedData/Build/Intermediates.noindex/GameTime.build/Debug-iphonesimulator/GameTimeTests.build/Objects-normal/arm64/GameTimeTests_dependency_info.dat --stringsdata-file /tmp/gametime-p6-20260912/DerivedData/Build/Intermediates.noindex/GameTime.build/Debug-iphonesimulator/GameTimeTests.build/Objects-normal/arm64/ExtractedAppShortcutsMetadata.stringsdata --source-file-list /tmp/gametime-p6-20260912/DerivedData/Build/Intermediates.noindex/GameTime.build/Debug-iphonesimulator/GameTimeTests.build/Objects-normal/arm64/GameTimeTests.SwiftFileList --metadata-file-list /tmp/gametime-p6-20260912/DerivedData/Build/Intermediates.noindex/GameTime.build/Debug-iphonesimulator/GameTimeTests.build/GameTimeTests.DependencyMetadataFileList --static-metadata-file-list /tmp/gametime-p6-20260912/DerivedData/Build/Intermediates.noindex/GameTime.build/Debug-iphonesimulator/GameTimeTests.build/GameTimeTests.DependencyStaticMetadataFileList --swift-const-vals-list /tmp/gametime-p6-20260912/DerivedData/Build/Intermediates.noindex/GameTime.build/Debug-iphonesimulator/GameTimeTests.build/Objects-normal/arm64/GameTimeTests.SwiftConstValuesFileList --compile-time-extraction --deployment-aware-processing --no-app-shortcuts-localization
2026-09-11 21:02:41.457 appintentsmetadataprocessor[4465:960214] Starting appintentsmetadataprocessor export
2026-09-11 21:02:41.458 appintentsmetadataprocessor[4465:960214] warning: Metadata extraction skipped, no AppIntents.framework dependency found

CopySwiftLibs /tmp/gametime-p6-20260912/DerivedData/Build/Products/Debug-iphonesimulator/GameTime.app/PlugIns/GameTimeTests.xctest (in target 'GameTimeTests' from project 'GameTime')
    cd /tmp/gametime-p6-20260912/GameTime/ios/GameTime
    builtin-swiftStdLibTool --copy --verbose --scan-executable /tmp/gametime-p6-20260912/DerivedData/Build/Products/Debug-iphonesimulator/GameTime.app/PlugIns/GameTimeTests.xctest/GameTimeTests --scan-folder /tmp/gametime-p6-20260912/DerivedData/Build/Products/Debug-iphonesimulator/GameTime.app/PlugIns/GameTimeTests.xctest/Frameworks --scan-folder /tmp/gametime-p6-20260912/DerivedData/Build/Products/Debug-iphonesimulator/GameTime.app/PlugIns/GameTimeTests.xctest/PlugIns --scan-folder /tmp/gametime-p6-20260912/DerivedData/Build/Products/Debug-iphonesimulator/GameTime.app/PlugIns/GameTimeTests.xctest/SystemExtensions --scan-folder /tmp/gametime-p6-20260912/DerivedData/Build/Products/Debug-iphonesimulator/GameTime.app/PlugIns/GameTimeTests.xctest/Extensions --platform iphonesimulator --toolchain /Applications/Xcode-beta.app/Contents/Developer/Toolchains/XcodeDefault.xctoolchain --destination /tmp/gametime-p6-20260912/DerivedData/Build/Products/Debug-iphonesimulator/GameTime.app/PlugIns/GameTimeTests.xctest/Frameworks --strip-bitcode --scan-executable /Applications/Xcode-beta.app/Contents/Developer/Platforms/iPhoneSimulator.platform/Developer/usr/lib/libXCTestSwiftSupport.dylib --strip-bitcode-tool /Applications/Xcode-beta.app/Contents/Developer/Toolchains/XcodeDefault.xctoolchain/usr/bin/bitcode_strip --emit-dependency-info /tmp/gametime-p6-20260912/DerivedData/Build/Intermediates.noindex/GameTime.build/Debug-iphonesimulator/GameTimeTests.build/SwiftStdLibToolInputDependencies.dep --filter-for-swift-os
Ignoring --strip-bitcode because --sign was not passed

Validate /tmp/gametime-p6-20260912/DerivedData/Build/Products/Debug-iphonesimulator/GameTime.app (in target 'GameTime' from project 'GameTime')
    cd /tmp/gametime-p6-20260912/GameTime/ios/GameTime
    builtin-validationUtility /tmp/gametime-p6-20260912/DerivedData/Build/Products/Debug-iphonesimulator/GameTime.app -shallow-bundle -infoplist-subpath Info.plist

ProcessInfoPlistFile /tmp/gametime-p6-20260912/DerivedData/Build/Products/Debug-iphonesimulator/GameTimeUITests-Runner.app/PlugIns/GameTimeUITests.xctest/Info.plist /tmp/gametime-p6-20260912/DerivedData/Build/Intermediates.noindex/GameTime.build/Debug-iphonesimulator/GameTimeUITests.build/empty-GameTimeUITests.plist (in target 'GameTimeUITests' from project 'GameTime')
    cd /tmp/gametime-p6-20260912/GameTime/ios/GameTime
    builtin-infoPlistUtility /tmp/gametime-p6-20260912/DerivedData/Build/Intermediates.noindex/GameTime.build/Debug-iphonesimulator/GameTimeUITests.build/empty-GameTimeUITests.plist -producttype com.apple.product-type.bundle.ui-testing -expandbuildsettings -format binary -platform iphonesimulator -additionalcontentfile /tmp/gametime-p6-20260912/DerivedData/Build/Intermediates.noindex/GameTime.build/Debug-iphonesimulator/GameTimeUITests.build/ProductTypeInfoPlistAdditions.plist -o /tmp/gametime-p6-20260912/DerivedData/Build/Products/Debug-iphonesimulator/GameTimeUITests-Runner.app/PlugIns/GameTimeUITests.xctest/Info.plist

CopySwiftLibs /tmp/gametime-p6-20260912/DerivedData/Build/Products/Debug-iphonesimulator/GameTimeUITests-Runner.app/PlugIns/GameTimeUITests.xctest (in target 'GameTimeUITests' from project 'GameTime')
    cd /tmp/gametime-p6-20260912/GameTime/ios/GameTime
    builtin-swiftStdLibTool --copy --verbose --scan-executable /tmp/gametime-p6-20260912/DerivedData/Build/Products/Debug-iphonesimulator/GameTimeUITests-Runner.app/PlugIns/GameTimeUITests.xctest/GameTimeUITests --scan-folder /tmp/gametime-p6-20260912/DerivedData/Build/Products/Debug-iphonesimulator/GameTimeUITests-Runner.app/PlugIns/GameTimeUITests.xctest/Frameworks --scan-folder /tmp/gametime-p6-20260912/DerivedData/Build/Products/Debug-iphonesimulator/GameTimeUITests-Runner.app/PlugIns/GameTimeUITests.xctest/PlugIns --scan-folder /tmp/gametime-p6-20260912/DerivedData/Build/Products/Debug-iphonesimulator/GameTimeUITests-Runner.app/PlugIns/GameTimeUITests.xctest/SystemExtensions --scan-folder /tmp/gametime-p6-20260912/DerivedData/Build/Products/Debug-iphonesimulator/GameTimeUITests-Runner.app/PlugIns/GameTimeUITests.xctest/Extensions --platform iphonesimulator --toolchain /Applications/Xcode-beta.app/Contents/Developer/Toolchains/XcodeDefault.xctoolchain --destination /tmp/gametime-p6-20260912/DerivedData/Build/Products/Debug-iphonesimulator/GameTimeUITests-Runner.app/PlugIns/GameTimeUITests.xctest/Frameworks --strip-bitcode --scan-executable /Applications/Xcode-beta.app/Contents/Developer/Platforms/iPhoneSimulator.platform/Developer/usr/lib/libXCTestSwiftSupport.dylib --strip-bitcode-tool /Applications/Xcode-beta.app/Contents/Developer/Toolchains/XcodeDefault.xctoolchain/usr/bin/bitcode_strip --emit-dependency-info /tmp/gametime-p6-20260912/DerivedData/Build/Intermediates.noindex/GameTime.build/Debug-iphonesimulator/GameTimeUITests.build/SwiftStdLibToolInputDependencies.dep --filter-for-swift-os
Ignoring --strip-bitcode because --sign was not passed

PruneExplicitPrecompiledModules /tmp/gametime-p6-20260912/DerivedData/Build/Intermediates.noindex/SwiftExplicitPrecompiledModules

PruneExplicitPrecompiledModules /tmp/gametime-p6-20260912/DerivedData/Build/Intermediates.noindex/ExplicitPrecompiledModules

PruneExplicitPrecompiledModules /tmp/gametime-p6-20260912/DerivedData/SDKExplicitPrecompiledModules

2026-09-11 21:02:56.934923-0500 GameTime[4707:962907] [General] Failed to send CA Event for app launch measurements for ca_event_type: 0 event_name: com.apple.app_launch_measurement.FirstFramePresentationMetric
2026-09-11 21:02:57.062289-0500 GameTime[4707:962900] [General] Failed to send CA Event for app launch measurements for ca_event_type: 1 event_name: com.apple.app_launch_measurement.ExtendedLaunchMetrics
Test Suite 'Selected tests' started at 2026-09-11 21:02:57.232.
Test Suite 'GameTimeTests.xctest' started at 2026-09-11 21:02:57.233.
Test Suite 'ChallengePolicyTests' started at 2026-09-11 21:02:57.233.
Test Case '-[GameTimeTests.ChallengePolicyTests testCanonicalUnitsAndStrictInputBounds]' started.
Test Case '-[GameTimeTests.ChallengePolicyTests testCanonicalUnitsAndStrictInputBounds]' passed (0.002 seconds).
Test Case '-[GameTimeTests.ChallengePolicyTests testInvitationParserRejectsAmbiguousAndHostedLocators]' started.
Test Case '-[GameTimeTests.ChallengePolicyTests testInvitationParserRejectsAmbiguousAndHostedLocators]' passed (0.001 seconds).
Test Case '-[GameTimeTests.ChallengePolicyTests testInvitationSurvivesRelaunchWithoutFetchingDetails]' started.
Test Case '-[GameTimeTests.ChallengePolicyTests testInvitationSurvivesRelaunchWithoutFetchingDetails]' passed (0.010 seconds).
Test Case '-[GameTimeTests.ChallengePolicyTests testOnDeviceSuggestionUsesExactRoundingAndNeverLeaderboards]' started.
Test Case '-[GameTimeTests.ChallengePolicyTests testOnDeviceSuggestionUsesExactRoundingAndNeverLeaderboards]' passed (0.000 seconds).
Test Suite 'ChallengePolicyTests' passed at 2026-09-11 21:02:57.250.
	 Executed 4 tests, with 0 failures (0 unexpected) in 0.013 (0.017) seconds
Test Suite 'ChallengeSectionTests' started at 2026-09-11 21:02:57.250.
Test Case '-[GameTimeTests.ChallengeSectionTests testActualWatchdogExpiresContentWhileItsAutomaticRefreshIsHeld]' started.
Test Case '-[GameTimeTests.ChallengeSectionTests testActualWatchdogExpiresContentWhileItsAutomaticRefreshIsHeld]' passed (0.088 seconds).
Test Case '-[GameTimeTests.ChallengeSectionTests testBackgroundCannotReloadPrivateContentAndServerRevocationClearsIt]' started.
Test Case '-[GameTimeTests.ChallengeSectionTests testBackgroundCannotReloadPrivateContentAndServerRevocationClearsIt]' passed (0.001 seconds).
Test Case '-[GameTimeTests.ChallengeSectionTests testDelayedSuccessfulPageCannotRestartExpiredVisibility]' started.
Test Case '-[GameTimeTests.ChallengeSectionTests testDelayedSuccessfulPageCannotRestartExpiredVisibility]' passed (0.001 seconds).
Test Case '-[GameTimeTests.ChallengeSectionTests testEmptyHomeRequiresSuccessfulReadsAndDoesNotHideFailureOrExpiry]' started.
Test Case '-[GameTimeTests.ChallengeSectionTests testEmptyHomeRequiresSuccessfulReadsAndDoesNotHideFailureOrExpiry]' passed (0.001 seconds).
Test Case '-[GameTimeTests.ChallengeSectionTests testHeldRoutineRefreshKeepsFreshLayoutButDoesNotExtendVisibility]' started.
Test Case '-[GameTimeTests.ChallengeSectionTests testHeldRoutineRefreshKeepsFreshLayoutButDoesNotExtendVisibility]' passed (0.001 seconds).
Test Case '-[GameTimeTests.ChallengeSectionTests testOldRefreshCannotStopNewAccountsLoadingIndicator]' started.
Test Case '-[GameTimeTests.ChallengeSectionTests testOldRefreshCannotStopNewAccountsLoadingIndicator]' passed (0.001 seconds).
Test Case '-[GameTimeTests.ChallengeSectionTests testPartialFailurePreservesOnlyStillPermittedSectionsUntilMonotonicExpiry]' started.
Test Case '-[GameTimeTests.ChallengeSectionTests testPartialFailurePreservesOnlyStillPermittedSectionsUntilMonotonicExpiry]' passed (0.001 seconds).
Test Case '-[GameTimeTests.ChallengeSectionTests testSupersededCursorCannotAppendOldSocialRows]' started.
Test Case '-[GameTimeTests.ChallengeSectionTests testSupersededCursorCannotAppendOldSocialRows]' passed (0.001 seconds).
Test Case '-[GameTimeTests.ChallengeSectionTests testUnreadablePendingRequestCannotLeaveDetailWithoutAnExpiry]' started.
Test Case '-[GameTimeTests.ChallengeSectionTests testUnreadablePendingRequestCannotLeaveDetailWithoutAnExpiry]' passed (0.003 seconds).
Test Suite 'ChallengeSectionTests' passed at 2026-09-11 21:02:57.349.
	 Executed 9 tests, with 0 failures (0 unexpected) in 0.097 (0.099) seconds
Test Suite 'ChallengeV1NativeTests' started at 2026-09-11 21:02:57.350.
Test Case '-[GameTimeTests.ChallengeV1NativeTests testClientRejectsResponseAfterSessionSwitch]' started.
Test Case '-[GameTimeTests.ChallengeV1NativeTests testClientRejectsResponseAfterSessionSwitch]' passed (0.002 seconds).
Test Case '-[GameTimeTests.ChallengeV1NativeTests testCommunityCountsRequireMatureServerSnapshot]' started.
Test Case '-[GameTimeTests.ChallengeV1NativeTests testCommunityCountsRequireMatureServerSnapshot]' passed (0.006 seconds).
Test Case '-[GameTimeTests.ChallengeV1NativeTests testDurableRequestsCannotBeOverwrittenOrReadByAnotherActor]' started.
Test Case '-[GameTimeTests.ChallengeV1NativeTests testDurableRequestsCannotBeOverwrittenOrReadByAnotherActor]' passed (0.006 seconds).
Test Case '-[GameTimeTests.ChallengeV1NativeTests testExpiredAuthClearsPreviouslyVisibleSocialContent]' started.
Test Case '-[GameTimeTests.ChallengeV1NativeTests testExpiredAuthClearsPreviouslyVisibleSocialContent]' passed (0.001 seconds).
Test Case '-[GameTimeTests.ChallengeV1NativeTests testHeldFinalAuthenticationCannotRestoreSupersededSocialContent]' started.
Test Case '-[GameTimeTests.ChallengeV1NativeTests testHeldFinalAuthenticationCannotRestoreSupersededSocialContent]' passed (0.001 seconds).
Test Case '-[GameTimeTests.ChallengeV1NativeTests testHostedAndMalformedURLsCannotSend]' started.
Test Case '-[GameTimeTests.ChallengeV1NativeTests testHostedAndMalformedURLsCannotSend]' passed (0.000 seconds).
Test Case '-[GameTimeTests.ChallengeV1NativeTests testQuotaErrorCannotDecodeAsSuccessfulReceipt]' started.
Test Case '-[GameTimeTests.ChallengeV1NativeTests testQuotaErrorCannotDecodeAsSuccessfulReceipt]' passed (0.002 seconds).
Test Suite 'ChallengeV1NativeTests' passed at 2026-09-11 21:02:57.368.
	 Executed 7 tests, with 0 failures (0 unexpected) in 0.017 (0.019) seconds
Test Suite 'CobaltRenderedTests' started at 2026-09-11 21:02:57.368.
Test Case '-[GameTimeTests.CobaltRenderedTests testCommunityDelayedCountsInDetailAndJoin]' started.
2026-09-11 21:02:57.744471-0500 GameTime[4707:962955] fopen failed for data file: errno = 2 (No such file or directory)
2026-09-11 21:02:57.921542-0500 GameTime[4707:962955] fopen failed for data file: errno = 2 (No such file or directory)
2026-09-11 21:02:59.806960-0500 GameTime[4707:962567] [TraitCollection] Class CKBrowserSwitcherViewController overrides the -traitCollection getter, which is not supported. If you're trying to override traits, you must use the appropriate API.
objc[4707]: Class UIAccessibilityLoaderWebShared is implemented in both /Library/Developer/CoreSimulator/Volumes/iOS_23F77/Library/Developer/CoreSimulator/Profiles/Runtimes/iOS 26.5.simruntime/Contents/Resources/RuntimeRoot/System/Library/AccessibilityBundles/WebKit.axbundle/WebKit (0x121fac398) and /Library/Developer/CoreSimulator/Volumes/iOS_23F77/Library/Developer/CoreSimulator/Profiles/Runtimes/iOS 26.5.simruntime/Contents/Resources/RuntimeRoot/System/Library/AccessibilityBundles/WebCore.axbundle/WebCore (0x12687c310). This may cause spurious casting failures and mysterious crashes. One of the duplicates must be removed or renamed.
Test Case '-[GameTimeTests.CobaltRenderedTests testCommunityDelayedCountsInDetailAndJoin]' passed (5.067 seconds).
Test Suite 'CobaltRenderedTests' passed at 2026-09-11 21:03:02.436.
	 Executed 1 test, with 0 failures (0 unexpected) in 5.067 (5.067) seconds
Test Suite 'GameTimeTests.xctest' passed at 2026-09-11 21:03:02.436.
	 Executed 21 tests, with 0 failures (0 unexpected) in 5.195 (5.203) seconds
Test Suite 'Selected tests' passed at 2026-09-11 21:03:02.436.
	 Executed 21 tests, with 0 failures (0 unexpected) in 5.195 (5.204) seconds
2026-09-11 21:03:02.757 xcodebuild[4406:959485] [MT] IDETestOperationsObserverDebug: 21.183 elapsed -- Testing started completed.
2026-09-11 21:03:02.757 xcodebuild[4406:959485] [MT] IDETestOperationsObserverDebug: 0.000 sec, +0.000 sec -- start
2026-09-11 21:03:02.757 xcodebuild[4406:959485] [MT] IDETestOperationsObserverDebug: 21.183 sec, +21.183 sec -- end

Test session results, code coverage, and logs:
	/tmp/gametime-p6-20260912/native-final.xcresult

** TEST SUCCEEDED **

Testing started
